contigName	contigLen	normDepth
CD630_23310|Mannitol-1-phosphate_5-dehydrogenase        1152    294.4878
CD630_07680|Sorbitol_6-phosphate_2-dehydrogenase        774     167.0543
272563.8.peg.9|Chromosomal_replication_initiator_protein_DnaA	1320	50.4167
272563.8.peg.866|Glutamate_synthase	1443	57.5537
272563.8.peg.871|Aconitate_hydratase_(EC_4.2.1.3)	1926	13.9927
272563.8.peg.872|Isocitrate_dehydrogenase	996	15.6124
272563.8.peg.879|Phosphoribosylaminoimidazolecarboxamide_formyltransferase_(EC_2.1.2.3)	1176	227.7636
272563.8.peg.83|SSU_ribosomal_protein_S10p_(S20e)	312	169.391
272563.8.peg.84|LSU_ribosomal_protein_L3p_(L3e)	630	259.2857
272563.8.peg.893|Oligopeptide_ABC_transporter,_substrate-binding_protein_OppA_(TC_3.A.1.5.1)	1569	1396.6221
272563.8.peg.894|Oligopeptide_ABC_transporter,_ATP-binding_protein_OppD_(TC_3.A.1.5.1)	1026	1021.6862
272563.8.peg.895|Oligopeptide_ABC_transporter,_ATP-binding_protein_OppF_(TC_3.A.1.5.1)	138	464.8551
272563.8.peg.896|Oligopeptide_ABC_transporter,_ATP-binding_protein_OppF_(TC_3.A.1.5.1)	627	901.4354
272563.8.peg.85|LSU_ribosomal_protein_L4p_(L1e)	624	236.7788
272563.8.peg.901|PTS_system,_cellobiose-specific_IIC_component	1290	2.9457
272563.8.peg.902|PTS_system,_cellobiose-specific_IIA_component_(EC_2.7.1.205)	330	1.9697
272563.8.peg.903|Maltose-6'-phosphate_glucosidase_(EC_3.2.1.122)	1329	3.9503
272563.8.peg.86|LSU_ribosomal_protein_L23p_(L23Ae)	291	199.3127
272563.8.peg.907|Predicted_molybdate-responsive_regulator_YvgK_in_bacilli	930	47.4731
272563.8.peg.87|LSU_ribosomal_protein_L2p_(L8e)	831	262.8159
272563.8.peg.911|Maltose_O-acetyltransferase_(EC_2.3.1.79)	558	10.7527
272563.8.peg.88|SSU_ribosomal_protein_S19p_(S15e)	282	215.9574
272563.8.peg.89|LSU_ribosomal_protein_L22p_(L17e)	336	191.0714
272563.8.peg.90|SSU_ribosomal_protein_S3p_(S3e)	816	251.5931
272563.8.peg.921|Glucose-1-phosphate_adenylyltransferase_(EC_2.7.7.27)	1161	428.7252
272563.8.peg.922|Glycogen_biosynthesis_protein_GlgD,_glucose-1-phosphate_adenylyltransferase_family	1131	416.9761
272563.8.peg.923|Glycogen_synthase,_ADP-glucose_transglucosylase_(EC_2.4.1.21)	1443	463.5135
272563.8.peg.924|Glycogen_phosphorylase_(EC_2.4.1.1)	2421	401.2185
272563.8.peg.91|LSU_ribosomal_protein_L16p_(L10e)	432	194.0972
272563.8.peg.927|Arginine_decarboxylase_(EC_4.1.1.19)	1476	1.7615
272563.8.peg.928|S-adenosylmethionine_decarboxylase_proenzyme_(EC_4.1.1.50),_prokaryotic_class_1B	414	1.4493
272563.8.peg.929|Spermidine_synthase_(EC_2.5.1.16)	852	2.6408
272563.8.peg.930|Agmatinase_(EC_3.5.3.11)	879	5.6883
272563.8.peg.92|LSU_ribosomal_protein_L29p_(L35e)	204	165.9314
272563.8.peg.93|SSU_ribosomal_protein_S17p_(S11e)	255	151.1765
272563.8.peg.94|LSU_ribosomal_protein_L14p_(L23e)	369	231.1653
272563.8.peg.95|LSU_ribosomal_protein_L24p_(L26e)	309	210.356
272563.8.peg.96|LSU_ribosomal_protein_L5p_(L11e)	543	267.5875
272563.8.peg.97|SSU_ribosomal_protein_S14p_(S29e)_@_SSU_ribosomal_protein_S14p_(S29e),_zinc-dependent	186	122.043
272563.8.peg.98|SSU_ribosomal_protein_S8p_(S15Ae)	399	253.2581
272563.8.peg.99|LSU_ribosomal_protein_L6p_(L9e)	543	273.6648
272563.8.peg.100|LSU_ribosomal_protein_L18p_(L5e)	369	279.9458
272563.8.peg.101|SSU_ribosomal_protein_S5p_(S2e)	510	239.2157
272563.8.peg.102|LSU_ribosomal_protein_L30p_(L7e)	186	200.0
272563.8.peg.103|LSU_ribosomal_protein_L15p_(L27Ae)	444	299.2117
272563.8.peg.105|Adenylate_kinase_(EC_2.7.4.3)	651	352.765
272563.8.peg.1023|N-acetylmuramoyl-L-alanine_amidase_(EC_3.5.1.28)	816	2.451
272563.8.peg.106|Methionine_aminopeptidase_(EC_3.4.11.18)	747	341.9679
272563.8.peg.1034|Phosphoserine_phosphatase_(EC_3.1.3.3)	474	19.5148
272563.8.peg.109|LSU_ribosomal_protein_L36p_@_LSU_ribosomal_protein_L36p,_zinc-dependent	114	52.193
272563.8.peg.1040|2-isopropylmalate_synthase_(EC_2.3.3.13)	1743	1.7212
272563.8.peg.1041|3-isopropylmalate_dehydratase_large_subunit_(EC_4.2.1.33)	1278	2.4257
272563.8.peg.110|SSU_ribosomal_protein_S13p_(S18e)	372	226.4785
272563.8.peg.1042|3-isopropylmalate_dehydratase_small_subunit_(EC_4.2.1.33)	492	2.9472
272563.8.peg.1043|3-isopropylmalate_dehydrogenase_(EC_1.1.1.85)	1071	4.1083
272563.8.peg.1045|Serine--pyruvate_aminotransferase_(EC_2.6.1.51)	1077	59.8886
272563.8.peg.111|SSU_ribosomal_protein_S11p_(S14e)	399	325.6892
272563.8.peg.1046|D-3-phosphoglycerate_dehydrogenase_(EC_1.1.1.95)	942	20.8068
272563.8.peg.112|SSU_ribosomal_protein_S4p_(S9e)_@_SSU_ribosomal_protein_S4p_(S9e),_zinc-dependent	624	403.9263
272563.8.peg.113|DNA-directed_RNA_polymerase_alpha_subunit_(EC_2.7.7.6)	948	476.2131
272563.8.peg.1052|ABC_transporter,_ATP-binding_protein_(cluster_10,_nitrate/sulfonate/bicarbonate)	699	2.5036
272563.8.peg.1054|Fumarate_hydratase_class_I,_alpha_region_(EC_4.2.1.2);_L(+)-tartrate_dehydratase_alpha_subunit_(EC_4.2.1.32)	840	4.7024
272563.8.peg.1055|Fumarate_hydratase_class_I,_beta_region_(EC_4.2.1.2);_L(+)-tartrate_dehydratase_beta_subunit_(EC_4.2.1.32)	549	5.0091
272563.8.peg.1056|NADP-dependent_malic_enzyme_(EC_1.1.1.40)	1182	16.0745
272563.8.peg.1062|Glucosamine-6-phosphate_deaminase_(EC_3.5.99.6)	750	81.0667
272563.8.peg.114|LSU_ribosomal_protein_L17p	342	368.1287
272563.8.peg.1085|UDP-N-acetylglucosamine_2-epimerase_(EC_5.1.3.14)	1125	17.2
272563.8.peg.1086|N-acetylmuramoyl-L-alanine_amidase_(EC_3.5.1.28)	975	11.8974
272563.8.peg.1087|N-acetylmuramoyl-L-alanine_amidase_(EC_3.5.1.28)	2019	125.9039
272563.8.peg.1088|N-acetylmuramoyl-L-alanine_amidase_(EC_3.5.1.28)	2013	40.4868
272563.8.peg.119|LSU_ribosomal_protein_L13p_(L13Ae)	432	209.2593
272563.8.peg.120|SSU_ribosomal_protein_S9p_(S16e)	393	254.8346
272563.8.peg.121|N-acetylmuramoyl-L-alanine_amidase_(EC_3.5.1.28)	705	55.0355
272563.8.peg.1099|N-acetylmuramoyl-L-alanine_amidase_(EC_3.5.1.28)	1053	60.3989
272563.8.peg.1101|NAD_kinase_(EC_2.7.1.23)	801	54.5568
272563.8.peg.1109|3-hydroxybutyryl-CoA_dehydratase_(EC_4.2.1.55)	798	1366.7293
272563.8.peg.1110|3-hydroxybutyryl-CoA_dehydrogenase_(EC_1.1.1.157)	846	1857.9787
272563.8.peg.1111|Acetyl-CoA_acetyltransferase_(EC_2.3.1.9)	1176	2158.5034
272563.8.peg.1124|Transcriptional_regulator,_GntR_family_domain_/_Aspartate_aminotransferase_(EC_2.6.1.1)	1446	20.0553
272563.8.peg.1128|PTS_system,_mannose-specific_IIA_component_(EC_2.7.1.191)	411	4.8662
272563.8.peg.1130|PTS_system,_mannose-specific_IIB_component_(EC_2.7.1.191)	471	7.6433
272563.8.peg.1131|PTS_system,_mannose-specific_IIC_component	759	7.1805
272563.8.peg.1132|PTS_system,_mannose-specific_IID_component	843	8.2444
272563.8.peg.1137|PTS_system,_galactitol-specific_IIB_component_(EC_2.7.1.200)	276	61.9565
272563.8.peg.1175|Pyruvate_formate-lyase_(EC_2.3.1.54)	2373	38.1584
272563.8.peg.1176|Pyruvate_formate-lyase_activating_enzyme_(EC_1.97.1.4)	903	37.0432
272563.8.peg.1186|Dephospho-CoA_kinase_(EC_2.7.1.24)	603	29.2703
272563.8.peg.1191|Lactoylglutathione_lyase_(EC_4.4.1.5)	372	113.4409
272563.8.peg.1211|Methylglyoxal_synthase_(EC_4.2.3.3)	414	149.8792
272563.8.peg.1219|LSU_ribosomal_protein_L21p	312	238.3013
272563.8.peg.1221|LSU_ribosomal_protein_L27p	291	411.3402
272563.8.peg.1224|Homoserine_dehydrogenase_(EC_1.1.1.3)	1206	12.3134
272563.8.peg.122|Aspartate_aminotransferase_(EC_2.6.1.1)	1185	44.2194
272563.8.peg.1231|Glycolate_dehydrogenase_(EC_1.1.99.14),_subunit_GlcD	1392	426.3649
272563.8.peg.1233|Acetate_kinase_(EC_2.7.2.1)	1197	255.9733
272563.8.peg.1235|LSU_ribosomal_protein_L32p_@_LSU_ribosomal_protein_L32p,_zinc-dependent	177	98.0226
272563.8.peg.1238|3-oxoacyl-	987	38.1459
272563.8.peg.123|Ribonucleotide_reductase_of_class_III_(anaerobic),_large_subunit_(EC_1.17.4.2)	2352	157.1429
272563.8.peg.1240|Malonyl_CoA-acyl_carrier_protein_transacylase_(EC_2.3.1.39)	951	43.1125
272563.8.peg.1243|3-oxoacyl-	1239	97.0944
272563.8.peg.1250|Fructose-1,6-bisphosphatase,_Bacillus_type_(EC_3.1.3.11)	1986	48.8922
272563.8.peg.1264|(2E,6E)-farnesyl_diphosphate_synthase_(EC_2.5.1.10)	888	23.0856
272563.8.peg.1266|1-deoxy-D-xylulose_5-phosphate_synthase_(EC_2.2.1.7)	1866	32.9046
272563.8.peg.1279|ADP-ribose_pyrophosphatase_(EC_3.6.1.13)	537	91.2477
272563.8.peg.1282|Phosphopentomutase_(EC_5.4.2.7)	1173	97.613
272563.8.peg.1283|Purine_nucleoside_phosphorylase_(EC_2.4.2.1)_@_N-Ribosylnicotinamide_phosphorylase_(EC_2.4.2.1)	813	103.3825
272563.8.peg.1284|Pyrimidine-nucleoside_phosphorylase_(EC_2.4.2.2)	1326	14.4419
272563.8.peg.1312|Ribonuclease_III_(EC_3.1.26.3)	711	14.4866
272563.8.peg.1314|Chromosome_partition_protein_smc	3555	60.3376
272563.8.peg.1318|SSU_ribosomal_protein_S16p	273	153.8462
272563.8.peg.1322|LSU_ribosomal_protein_L19p	351	171.3675
272563.8.peg.1339|DNA_topoisomerase_I_(EC_5.99.1.2)	2088	53.8793
272563.8.peg.1344|Cysteine_desulfurase_(EC_2.8.1.7)	1194	122.9481
272563.8.peg.1347|Alanyl-tRNA_synthetase_(EC_6.1.1.7)	2640	68.2386
272563.8.peg.1360|Segregation_and_condensation_protein_A	720	32.6389
272563.8.peg.1361|Segregation_and_condensation_protein_B	540	38.2407
272563.8.peg.1365|Cytosol_aminopeptidase_PepA_(EC_3.4.11.1)	1452	34.814
272563.8.peg.1370|N-acetylmuramoyl-L-alanine_amidase_(EC_3.5.1.28)	1824	72.4507
272563.8.peg.1373|Transcription_termination_protein_NusA	1155	71.3853
272563.8.peg.1382|FMN_adenylyltransferase_(EC_2.7.7.2)_/_Riboflavin_kinase_(EC_2.7.1.26)	930	45.5376
272563.8.peg.1383|SSU_ribosomal_protein_S15p_(S13e)	258	342.0543
272563.8.peg.1389|Aspartokinase_(EC_2.7.2.4)	1224	97.7533
272563.8.peg.1394|CDP-diacylglycerol--glycerol-3-phosphate_3-phosphatidyltransferase_(EC_2.7.8.5)	543	25.3223
272563.8.peg.1399|Undecaprenyl-diphosphatase_(EC_3.6.1.27)	825	52.6667
272563.8.peg.1401|Adenylosuccinate_lyase_(EC_4.3.2.2)_@_SAICAR_lyase_(EC_4.3.2.2)	1446	94.5367
272563.8.peg.1403|PTS_system,_maltose_and_glucose-specific_IIC_component_/_PTS_system,_maltose_and_glucose-specific_IIB_component_(EC_2.7.1.208)	1578	12.4525
272563.8.peg.1405|Maltose-6'-phosphate_glucosidase_(EC_3.2.1.122)	1347	29.6214
272563.8.peg.1406|Alanine_transaminase_(EC_2.6.1.2)	1197	1174.5614
272563.8.peg.1407|Galactose-1-phosphate_uridylyltransferase_(EC_2.7.7.10)	951	31.2829
272563.8.peg.1411|Glutamine_synthetase,_clostridia_type_(EC_6.3.1.2)	1899	60.4002
272563.8.peg.10|DNA_polymerase_III_beta_subunit_(EC_2.7.7.7)	1107	37.6694
272563.8.peg.128|Phosphate_butyryltransferase_(EC_2.3.1.19)	903	210.9081
272563.8.peg.1421|Pyridoxal_kinase_(EC_2.7.1.35)	822	25.7908
272563.8.peg.129|Butyrate_kinase_(EC_2.7.2.7)	1080	411.8981
272563.8.peg.1453|Glycerol_kinase_(EC_2.7.1.30)	1515	25.0495
272563.8.peg.1457|Allophanate_hydrolase_2_subunit_1_(EC_3.5.1.54)	696	8.046
272563.8.peg.1458|Allophanate_hydrolase_2_subunit_2_(EC_3.5.1.54)	987	9.2705
272563.8.peg.135|Phosphoglucosamine_mutase_(EC_5.4.2.10)	1347	79.1017
272563.8.peg.1472|Nicotinamidase_(EC_3.5.1.19)	636	69.7327
272563.8.peg.1473|Glycerophosphoryl_diester_phosphodiesterase_(EC_3.1.4.46)	732	10.4508
272563.8.peg.1479|Transcriptional_regulator,_GntR_family_domain_/_Aspartate_aminotransferase_(EC_2.6.1.1)	1449	11.1111
272563.8.peg.1481|ADP-ribose_pyrophosphatase_of_COG1058_family_(EC_3.6.1.13)_/_Nicotinamide-nucleotide_amidase_(EC_3.5.1.42)	1257	32.7367
272563.8.peg.1498|Isochorismatase_(EC_3.3.2.1)	324	27.7778
272563.8.peg.1517|Para-aminobenzoate_synthase,_amidotransferase_component_(EC_2.6.1.85)	585	27.6923
272563.8.peg.1518|Para-aminobenzoate_synthase,_aminase_component_(EC_2.6.1.85)	1350	35.1111
272563.8.peg.1519|Aminodeoxychorismate_lyase_(EC_4.1.3.38)	744	21.9086
272563.8.peg.1521|GTP_cyclohydrolase_I_(EC_3.5.4.16)_type_1	573	47.9058
272563.8.peg.1522|Dihydropteroate_synthase_(EC_2.5.1.15)	792	61.9318
272563.8.peg.1523|Dihydroneopterin_aldolase_(EC_4.1.2.25)	366	49.4536
272563.8.peg.1524|2-amino-4-hydroxy-6-hydroxymethyldihydropteridine_pyrophosphokinase_(EC_2.7.6.3)	507	57.6923
272563.8.peg.139|UDP-N-acetylglucosamine_1-carboxyvinyltransferase_(EC_2.5.1.7)	1254	65.0718
272563.8.peg.1525|2-keto-3-deoxy-D-arabino-heptulosonate-7-phosphate_synthase_I_beta_(EC_2.5.1.54)	786	63.0407
272563.8.peg.1527|RNA_polymerase_sigma_factor_RpoD	1167	169.5801
272563.8.peg.1551|Ferrous_iron_transporter_FeoB	2157	7.3945
272563.8.peg.1554|Alkanesulfonates_transport_system_permease_protein	771	19.8444
272563.8.peg.1555|ABC_transporter,_ATP-binding_protein_(cluster_1,_maltose/g3p/polyamine/iron);_ABC_transporter,_ATP-binding_protein_(cluster_10,_nitrate/sulfonate/bicarbonate)	732	25.5464
272563.8.peg.1556|ABC_transporter,_substrate-binding_protein_(cluster_10,_nitrate/sulfonate/bicarbonate)	993	404.28
272563.8.peg.1562|Methionine_ABC_transporter_permease_protein	657	9.1324
272563.8.peg.1563|Methionine_ABC_transporter_substrate-binding_protein	792	41.351
272563.8.peg.1567|Pyrroline-5-carboxylate_reductase_(EC_1.5.1.2)	804	64.0547
272563.8.peg.1570|RNA_polymerase_sigma_factor_RpoD	885	315.0847
272563.8.peg.1574|Deoxyribose-phosphate_aldolase_(EC_4.1.2.4)	660	16.3636
272563.8.peg.146|S-adenosylmethionine_synthetase_(EC_2.5.1.6)	1194	102.3869
272563.8.peg.1586|Pantoate--beta-alanine_ligase_(EC_6.3.2.1)	849	27.2674
272563.8.peg.1587|3-methyl-2-oxobutanoate_hydroxymethyltransferase_(EC_2.1.2.11)	828	23.6111
272563.8.peg.1593|Ferrous_iron_transporter_FeoB	2121	67.1617
272563.8.peg.1597|Tyrosyl-tRNA_synthetase_(EC_6.1.1.1)	1209	81.8445
272563.8.peg.1602|Dihydroorotase_(EC_3.5.2.3)	1266	93.6019
272563.8.peg.1610|Gamma-glutamyltranspeptidase_(EC_2.3.2.2)_@_Glutathione_hydrolase_(EC_3.4.19.13)	1614	34.5725
272563.8.peg.22|Seryl-tRNA_synthetase_(EC_6.1.1.11)	1272	128.8915
272563.8.peg.1623|ATP_phosphoribosyltransferase_regulatory_subunit_(EC_2.4.2.17)	945	5.6614
272563.8.peg.1625|Histidinol-phosphate_aminotransferase_(EC_2.6.1.9)	1050	8.7143
272563.8.peg.1626|Imidazoleglycerol-phosphate_dehydratase_(EC_4.2.1.19)	579	8.0311
272563.8.peg.1628|Phosphoribosylformimino-5-aminoimidazole_carboxamide_ribotide_isomerase_(EC_5.3.1.16)	723	10.0968
272563.8.peg.1629|Imidazole_glycerol_phosphate_synthase_cyclase_subunit	759	10.5402
272563.8.peg.1630|Phosphoribosyl-AMP_cyclohydrolase_(EC_3.5.4.19)_/_Phosphoribosyl-ATP_pyrophosphatase_(EC_3.6.1.31)	669	19.2825
272563.8.peg.1641|Acetolactate_synthase_large_subunit_(EC_2.2.1.6)	1689	17.2883
272563.8.peg.1645|Lysophospholipase_L2_(EC_3.1.1.5)	537	13.0354
272563.8.peg.1647|Lysophospholipase_(EC_3.1.1.5);_Monoglyceride_lipase_(EC_3.1.1.23)	450	21.5556
272563.8.peg.1652|Phosphomannomutase_(EC_5.4.2.8)	1698	140.636
272563.8.peg.151|PTS_system,_cellobiose-specific_IIA_component_(EC_2.7.1.205)	309	46.9256
272563.8.peg.152|PTS_system,_cellobiose-specific_IIB_component_(EC_2.7.1.205)	327	121.7125
272563.8.peg.1655|Homoserine_dehydrogenase_(EC_1.1.1.3)	1218	3.202
272563.8.peg.153|PTS_system,_cellobiose-specific_IIC_component	1335	136.9288
272563.8.peg.1657|Histidinol_dehydrogenase_(EC_1.1.1.23)	1266	10.7425
272563.8.peg.1667|Potassium-transporting_ATPase_A_chain_(EC_3.6.3.12)_(TC_3.A.3.7.1)	1677	0.8646
272563.8.peg.1668|Potassium-transporting_ATPase_B_chain_(EC_3.6.3.12)_(TC_3.A.3.7.1)	2058	1.1419
272563.8.peg.1669|Potassium-transporting_ATPase_C_chain_(EC_3.6.3.12)_(TC_3.A.3.7.1)	627	1.5152
272563.8.peg.1670|Cysteine_synthase_(EC_2.5.1.47)	909	1.9252
272563.8.peg.1671|Serine_acetyltransferase_(EC_2.3.1.30)	591	3.0457
272563.8.peg.1673|Methionine_aminopeptidase_(EC_3.4.11.18)	870	45.0
272563.8.peg.1676|Hydroxymethylpyrimidine_phosphate_kinase_ThiD_(EC_2.7.4.7)	795	3.3962
272563.8.peg.1677|Hydroxyethylthiazole_kinase_(EC_2.7.1.50)	789	3.929
272563.8.peg.1678|Thiamin-phosphate_pyrophosphorylase_(EC_2.5.1.3)	633	8.6888
272563.8.peg.1679|PTS_system,_cellobiose-specific_IIB_component_(EC_2.7.1.205)	303	25.9076
272563.8.peg.1708|Superoxide_dismutase	705	32.4113
272563.8.peg.1714|Lead,_cadmium,_zinc_and_mercury_transporting_ATPase_(EC_3.6.3.3)_(EC_3.6.3.5);_Copper-translocating_P-type_ATPase_(EC_3.6.3.4)	2760	193.0254
272563.8.peg.1724|Iron_compound_ABC_uptake_transporter_permease_protein	954	0.2621
272563.8.peg.1725|Iron_compound_ABC_uptake_transporter_permease_protein	957	0.1567
272563.8.peg.1726|Iron_compound_ABC_uptake_transporter_ATP-binding_protein	756	0.5291
272563.8.peg.1727|Iron_compound_ABC_uptake_transporter_substrate-binding_protein	966	0.7764
272563.8.peg.1730|Methionine_ABC_transporter_substrate-binding_protein	798	22.807
272563.8.peg.1731|Lipoate-protein_ligase_A	987	24.4681
272563.8.peg.1732|Na+/H+_antiporter	1680	25.2679
272563.8.peg.1734|Aminomethyltransferase_(glycine_cleavage_system_T_protein)_(EC_2.1.2.10)_/_Glycine_dehydrogenase	2475	247.7374
272563.8.peg.1735|Glycine_dehydrogenase	1458	266.6667
272563.8.peg.1740|Guanine_deaminase_(EC_3.5.4.3)	1272	11.9497
272563.8.peg.1743|membrane-anchoring_domain_/_Glycerophosphoryl_diester_phosphodiesterase_(EC_3.1.4.46)	1845	4.7154
272563.8.peg.1744|Galactoside_O-acetyltransferase_(EC_2.3.1.18)	531	10.5461
272563.8.peg.1768|Thioredoxin	318	209.434
272563.8.peg.1769|Thioredoxin_reductase_(EC_1.8.1.9)	879	303.0148
272563.8.peg.1774|Sodium:alanine_symporter_family_protein	1296	32.9475
272563.8.peg.1775|6,7-dimethyl-8-ribityllumazine_synthase_(EC_2.5.1.78)	462	20.7792
272563.8.peg.164|Substrate-specific_component_RibU_of_riboflavin_ECF_transporter	606	72.8548
272563.8.peg.1776|3,4-dihydroxy-2-butanone_4-phosphate_synthase_(EC_4.1.99.12)_/_GTP_cyclohydrolase_II_(EC_3.5.4.25)	1194	19.5142
272563.8.peg.1777|Riboflavin_synthase_eubacterial/eukaryotic_(EC_2.5.1.9)	666	11.9369
272563.8.peg.1778|Diaminohydroxyphosphoribosylaminopyrimidine_deaminase_(EC_3.5.4.26)_/_5-amino-6-(5-phosphoribosylamino)uracil_reductase_(EC_1.1.1.193)	1113	16.442
272563.8.peg.1781|Sulfur_carrier_protein_ThiS	195	3.3333
272563.8.peg.1782|Sulfur_carrier_protein_ThiS_/_Sulfur_carrier_protein_ThiS_adenylyltransferase_(EC_2.7.7.73)	804	2.6741
272563.8.peg.1786|Arginine/ornithine_antiporter_ArcD	1395	25.6272
272563.8.peg.1796|Cytosine/purine/uracil/thiamine/allantoin_permease_family_protein	1290	5.8915
272563.8.peg.1810|Sodium-dependent_phosphate_transporter	1620	4.3827
272563.8.peg.1815|5-methyltetrahydrofolate--homocysteine_methyltransferase_(EC_2.1.1.13)	639	10.0156
272563.8.peg.1830|Sodium/glutamate_symporter	1254	19.1388
272563.8.peg.1831|Adenosine_deaminase_(EC_3.5.4.4)	990	14.8485
272563.8.peg.1842|Peptide_deformylase_(EC_3.5.1.88)	456	8.2237
272563.8.peg.1852|ADP-ribose_pyrophosphatase_(EC_3.6.1.13)	609	49.8358
272563.8.peg.1855|NAD-dependent_glyceraldehyde-3-phosphate_dehydrogenase_(EC_1.2.1.12)	1017	6.7847
272563.8.peg.24|DNA_polymerase_III_subunits_gamma_and_tau_(EC_2.7.7.7)	1638	45.5128
272563.8.peg.1873|Argininosuccinate_synthase_(EC_6.3.4.5)	1200	35.9167
272563.8.peg.1881|L-threonine_3-dehydrogenase_(EC_1.1.1.103)	957	71.4734
272563.8.peg.1886|NADH_dehydrogenase_(EC_1.6.99.3)	1632	712.9596
272563.8.peg.1895|Fructokinase_(EC_2.7.1.4)	972	6.3272
272563.8.peg.1897|Diaminopimelate_decarboxylase_(EC_4.1.1.20)	1212	11.7574
272563.8.peg.1904|Phosphoglycerate_mutase_(EC_5.4.2.11)	642	12.2274
272563.8.peg.1906|Cytidylate_kinase_(EC_2.7.4.25)	651	35.6375
272563.8.peg.1908|4-hydroxy-3-methylbut-2-enyl_diphosphate_reductase_(EC_1.17.7.4)	840	48.3929
272563.8.peg.1910|Adenine_deaminase_(EC_3.5.4.2)	180	6.1111
272563.8.peg.1912|Adenine_deaminase_(EC_3.5.4.2)	1479	13.3874
272563.8.peg.1916|O-acetylhomoserine_sulfhydrylase_(EC_2.5.1.49)_@_O-succinylhomoserine_sulfhydrylase_(EC_2.5.1.48)	1266	16.0348
272563.8.peg.1917|Homoserine_O-succinyltransferase_(EC_2.3.1.46)	891	17.5084
272563.8.peg.1922|Magnesium_and_cobalt_transport_protein_CorA	957	18.1818
272563.8.peg.1923|2-keto-3-deoxy-D-arabino-heptulosonate-7-phosphate_synthase_I_beta_(EC_2.5.1.54)	1014	12.1795
272563.8.peg.1924|3-dehydroquinate_synthase_(EC_4.2.3.4)	1065	9.5305
272563.8.peg.1925|3-phosphoshikimate_1-carboxyvinyltransferase_(EC_2.5.1.19)	1314	12.5571
272563.8.peg.1926|Chorismate_synthase_(EC_4.2.3.5)	1080	8.287
272563.8.peg.1927|Chorismate_mutase_I_(EC_5.4.99.5)_/_Prephenate_dehydratase_(EC_4.2.1.51)	1197	6.391
272563.8.peg.1928|Shikimate_5-dehydrogenase_I_alpha_(EC_1.1.1.25)	810	9.1975
272563.8.peg.1929|Shikimate_kinase_I_(EC_2.7.1.71)	534	6.8352
272563.8.peg.1930|Prephenate_and/or_arogenate_dehydrogenase_(unknown_specificity)_(EC_1.3.1.12)(EC_1.3.1.43)	840	7.0833
272563.8.peg.1993|N-acetylmuramoyl-L-alanine_amidase	789	42.0152
272563.8.peg.1994|dCMP_deaminase_(EC_3.5.4.12)_@_Late_competence_protein_ComEB	438	2.6256
272563.8.peg.2009|Ethanolamine_ammonia-lyase_heavy_chain_(EC_4.3.1.7)	1365	36.9963
272563.8.peg.2010|Ethanolamine_ammonia-lyase_light_chain_(EC_4.3.1.7)	882	28.5714
272563.8.peg.2013|Acetaldehyde_dehydrogenase_(EC_1.2.1.10)_@_Acetaldehyde_dehydrogenase_(EC_1.2.1.10),_ethanolamine_utilization_cluster	1470	25.2721
272563.8.peg.2020|Ethanolamine_permease	1092	8.1044
272563.8.peg.2022|2-isopropylmalate_synthase_(EC_2.3.3.13)	468	1.2821
272563.8.peg.2032|Acetyl-coenzyme_A_carboxyl_transferase_alpha_chain_(EC_6.4.1.2)	945	90.4762
272563.8.peg.2033|Acetyl-coenzyme_A_carboxyl_transferase_beta_chain_(EC_6.4.1.2)	855	99.5906
272563.8.peg.2034|Biotin_carboxylase_of_acetyl-CoA_carboxylase_(EC_6.3.4.14)	1362	127.3128
272563.8.peg.2035|Biotin_carboxyl_carrier_protein_of_acetyl-CoA_carboxylase	453	124.9448
272563.8.peg.2071|tRNA_dimethylallyltransferase_(EC_2.5.1.75)	951	26.8665
272563.8.peg.2085|Substrate-specific_component_TrpP_of_tryptophan_ECF_transporter	552	11.3225
272563.8.peg.2117|Dihydroxy-acid_dehydratase_(EC_4.2.1.9)	1656	20.8635
272563.8.peg.194|Nitrite_reductase_probable_electron_transfer_4Fe-S_subunit_(EC_1.7.1.4)	474	885.9705
272563.8.peg.195|Nitrite_reductase_probable	1227	975.1834
272563.8.peg.2133|Aspartate_racemase_(EC_5.1.1.13)	699	89.9857
272563.8.peg.2135|Ornithine_carbamoyltransferase_(EC_2.1.3.3)	1023	1.0753
272563.8.peg.2136|N-acetylornithine_aminotransferase_(EC_2.6.1.11)	1188	0.7155
272563.8.peg.2137|N-acetylglutamate_kinase_(EC_2.7.2.8)	861	0.4065
272563.8.peg.196|Cyclopropane-fatty-acyl-phospholipid_synthase_(EC_2.1.1.79)	1188	92.7609
272563.8.peg.2138|Glutamate_N-acetyltransferase_(EC_2.3.1.35)_@_N-acetylglutamate_synthase_(EC_2.3.1.1)	1218	0.9442
272563.8.peg.2139|N-acetyl-gamma-glutamyl-phosphate_reductase_(EC_1.2.1.38)	1035	1.256
272563.8.peg.2144|Cytidylate_kinase_(EC_2.7.4.25)	624	0.1603
272563.8.peg.2156|LSU_rRNA_pseudouridine(2605)_synthase_(EC_5.4.99.22)	717	8.7866
272563.8.peg.2160|Diaminopimelate_decarboxylase_(EC_4.1.1.20)	1293	27.9196
272563.8.peg.2161|Aspartokinase_(EC_2.7.2.4)	1194	17.3786
272563.8.peg.198|NAD-specific_glutamate_dehydrogenase_(EC_1.4.1.2)	1266	1263.3491
272563.8.peg.2181|Xanthine_dehydrogenase,_FAD_binding_subunit_(EC_1.17.1.4)	795	8.4906
272563.8.peg.2182|Xanthine_permease	1359	7.2848
272563.8.peg.2183|Chromosome_partition_protein_smc	1086	54.558
272563.8.peg.2187|Xanthine_dehydrogenase,_FAD_binding_subunit_(EC_1.17.1.4)	795	3.2704
272563.8.peg.2188|Xanthine_dehydrogenase_iron-sulfur_subunit_(EC_1.17.1.4)	447	5.481
272563.8.peg.2189|Guanine_deaminase_(EC_3.5.4.3);_Hydroxydechloroatrazine_ethylaminohydrolase_(EC_3.5.99.3)	1407	3.838
272563.8.peg.2190|Dihydropyrimidinase_(EC_3.5.2.2)_@_D-hydantoinase_(EC_3.5.2.2)	1371	4.0481
272563.8.peg.2194|Xanthine_dehydrogenase,_molybdenum_binding_subunit_(EC_1.17.1.4)	2217	5.3451
272563.8.peg.2195|Xanthine_dehydrogenase_iron-sulfur_subunit_(EC_1.17.1.4)	471	7.0064
272563.8.peg.2197|Xanthine_permease	1362	5.9104
272563.8.peg.2198|Xanthine_permease	1350	6.8889
272563.8.peg.202|Aspartate_carbamoyltransferase_(EC_2.1.3.2)	921	22.367
272563.8.peg.2215|Xanthine/uracil/thiamine/ascorbate_permease_family_protein	1377	63.0719
272563.8.peg.2218|Transaldolase_(EC_2.2.1.2)	675	34.4444
272563.8.peg.2223|Copper-translocating_P-type_ATPase_(EC_3.6.3.4)	2502	22.2422
272563.8.peg.2227|Thioredoxin_reductase_(EC_1.8.1.9)	909	39.3289
272563.8.peg.2229|Threonine_synthase_(EC_4.2.3.1)	1482	21.3563
272563.8.peg.205|Orotate_phosphoribosyltransferase_(EC_2.4.2.10)	585	34.7009
272563.8.peg.2230|Homoserine_kinase_(EC_2.7.1.39)	894	43.9597
272563.8.peg.206|2-dehydropantoate_2-reductase_(EC_1.1.1.169)	927	35.4908
272563.8.peg.2243|1-deoxy-D-xylulose_5-phosphate_reductoisomerase_(EC_1.1.1.267)	1155	48.7013
272563.8.peg.2247|Phosphatidate_cytidylyltransferase_(EC_2.7.7.41)	780	51.0897
272563.8.peg.2248|Undecaprenyl_diphosphate_synthase_(EC_2.5.1.31)	735	99.7279
272563.8.peg.2253|SSU_ribosomal_protein_S2p_(SAe)	714	174.6499
272563.8.peg.2278|L-lactate_dehydrogenase_(EC_1.1.1.27)	969	108.2559
272563.8.peg.2282|Hydroxylamine_reductase_(EC_1.7.99.1)	1593	8.8198
272563.8.peg.2286|Proton/sodium-glutamate_symport_protein	1062	42.2316
272563.8.peg.2299|N-acetylmuramoyl-L-alanine_amidase	543	19.8895
272563.8.peg.2302|N-acetylmuramoyl-L-alanine_amidase_(EC_3.5.1.28)	894	22.3154
272563.8.peg.2303|Maltose_phosphorylase_(EC_2.4.1.8)	2286	20.5162
272563.8.peg.2304|Beta-phosphoglucomutase_(EC_5.4.2.6)	681	17.1806
272563.8.peg.2306|Histidinol-phosphatase_(EC_3.1.3.15)	822	6.7518
272563.8.peg.2315|Biosynthetic_Aromatic_amino_acid_aminotransferase_beta_(EC_2.6.1.57)	1104	0.7246
272563.8.peg.2316|Lactose_permease	1431	0.3494
272563.8.peg.2321|Aldehyde_dehydrogenase_(EC_1.2.1.3)	1365	7.1429
272563.8.peg.2333|3-dehydroquinate_dehydratase_I_(EC_4.2.1.10)	768	16.3411
272563.8.peg.217|2',3'-cyclic-nucleotide_2'-phosphodiesterase_(EC_3.1.4.16)	1392	26.8678
272563.8.peg.2351|N-acetylmannosamine_kinase_(EC_2.7.1.60)	888	40.991
272563.8.peg.2355|N-acetylneuraminate_lyase_(EC_4.1.3.3)	882	206.6327
272563.8.peg.2356|N-acetylmannosamine-6-phosphate_2-epimerase_(EC_5.1.3.9)	672	79.8363
272563.8.peg.2360|Asparaginyl-tRNA_synthetase_(EC_6.1.1.22)	1398	53.0401
272563.8.peg.2369|Transcriptional_regulator,_GntR_family_domain_/_Aspartate_aminotransferase_(EC_2.6.1.1)	1383	3.8684
272563.8.peg.2370|Aspartate_racemase_(EC_5.1.1.13)	687	2.1106
272563.8.peg.2383|PTS_system,_fructose-specific_IIA_component_(EC_2.7.1.202)_/_PTS_system,_fructose-specific_IIB_component_(EC_2.7.1.202)_/_PTS_system,_fructose-specific_IIC_component	1920	470.2344
272563.8.peg.2384|1-phosphofructokinase_(EC_2.7.1.56)	918	375.9804
272563.8.peg.2392|L-ribulose-5-phosphate_4-epimerase_(EC_5.1.3.4)	687	5.8224
272563.8.peg.2393|Galactitol-1-phosphate_5-dehydrogenase_(EC_1.1.1.251)	1059	4.3909
272563.8.peg.2394|PTS_system,_galactitol-specific_IIC_component	1407	12.0114
272563.8.peg.2395|PTS_system,_galactitol-specific_IIB_component_(EC_2.7.1.200)	303	14.3564
272563.8.peg.2396|PTS_system,_galactitol-specific_IIA_component_(EC_2.7.1.200)	447	7.6063
272563.8.peg.2400|Transcriptional_regulator,_GntR_family_domain_/_Aspartate_aminotransferase_(EC_2.6.1.1)	1386	20.4185
272563.8.peg.2436|Ribulose-phosphate_3-epimerase_(EC_5.1.3.1)	666	73.6486
272563.8.peg.2438|Transketolase,_C-terminal_section_(EC_2.2.1.1)	921	516.0695
272563.8.peg.2439|Transketolase,_N-terminal_section_(EC_2.2.1.1)	813	434.6863
272563.8.peg.2440|Galactitol-1-phosphate_5-dehydrogenase_(EC_1.1.1.251)	1032	517.1996
272563.8.peg.2441|Galactitol-1-phosphate_5-dehydrogenase_(EC_1.1.1.251)	1053	414.4824
272563.8.peg.2442|PTS_system,_galactitol-specific_IIC_component	1275	633.3333
272563.8.peg.2443|PTS_system,_galactitol-specific_IIB_component_(EC_2.7.1.200)	276	336.0507
272563.8.peg.2444|PTS_system,_galactitol-specific_IIA_component_(EC_2.7.1.200)	459	266.0131
272563.8.peg.2446|Transaldolase_(EC_2.2.1.2)	651	100.9217
272563.8.peg.2447|Xanthine_phosphoribosyltransferase_(EC_2.4.2.22)	573	8.6387
272563.8.peg.2448|Mannitol-1-phosphate_5-dehydrogenase_(EC_1.1.1.17)	1152	303.5156
272563.8.peg.2449|PTS_system,_mannitol-specific_IIA_component_(EC_2.7.1.197)	423	184.5154
272563.8.peg.2450|Mannitol_operon_activator,_BglG_family_/_PTS_system,_mannitol-specific_IIB_component_(EC_2.7.1.197)	2085	159.1127
272563.8.peg.2451|PTS_system,_mannitol-specific_IIC_component_/_PTS_system,_mannitol-specific_IIB_component_(EC_2.7.1.197)	1425	132.5263
272563.8.peg.2452|Inosine-5'-monophosphate_dehydrogenase_(EC_1.1.1.205)_/_CBS_domain	1500	138.0
272563.8.peg.224|PTS_system,_fructose-specific_IIA_component_(EC_2.7.1.202)	453	34.3267
272563.8.peg.2455|NAD-dependent_4-hydroxybutyrate_dehydrogenase_(EC_1.1.1.61)	1119	444.2806
272563.8.peg.2456|4-hydroxybutyrate_coenzyme_A_transferase	1308	232.4159
272563.8.peg.2458|4-hydroxybutanoyl-CoA_dehydratase_(EC_4.2.1.120)_/_Vinylacetyl-CoA_Delta-isomerase_(EC_5.3.3.3)	1497	291.2826
272563.8.peg.225|PTS_system,_fructose-specific_IIC_component	1056	73.6742
272563.8.peg.2464|Aminopeptidase_YpdF_(MP-,_MA-,_MS-,_AP-,_NP-_specific)	1080	58.1019
272563.8.peg.226|PTS_system,_fructose-specific_IIB_component_(EC_2.7.1.202)	309	64.2395
272563.8.peg.2470|Thioredoxin	318	726.8868
272563.8.peg.2471|Thioredoxin_reductase_(EC_1.8.1.9)	948	772.8903
272563.8.peg.2482|Alkanesulfonates-binding_protein	1092	135.3938
272563.8.peg.2487|Quinolinate_phosphoribosyltransferase	837	6.8698
272563.8.peg.2488|L-aspartate_oxidase_(EC_1.4.3.16)	1302	3.6098
272563.8.peg.2489|Quinolinate_synthetase_(EC_2.5.1.72)	915	5.9016
272563.8.peg.2496|Butyrate_kinase_(EC_2.7.2.7)	1071	542.6237
272563.8.peg.2499|Biosynthetic_Aromatic_amino_acid_aminotransferase_alpha_(EC_2.6.1.57)_@_Aspartate_aminotransferase_(EC_2.6.1.1)	1260	464.4048
272563.8.peg.229|Choline-phosphate_cytidylyltransferase_(EC_2.7.7.15)	726	20.1791
272563.8.peg.2520|N-acetylmuramoyl-L-alanine_amidase	1191	13.686
272563.8.peg.2521|Deoxyuridine_5'-triphosphate_nucleotidohydrolase_(EC_3.6.1.23)	432	22.1065
272563.8.peg.2528|Pyruvate,phosphate_dikinase_(EC_2.7.9.1)	2628	75.1142
272563.8.peg.2531|Homoserine_dehydrogenase_(EC_1.1.1.3);_Sorbitol-6-phosphate_2-dehydrogenase_(EC_1.1.1.140)	1293	4.4084
272563.8.peg.2532|PTS_system,_glucitol/sorbitol-specific_IIA_component_(EC_2.7.1.198)	357	2.1008
272563.8.peg.2536|PTS_system,_glucitol/sorbitol-specific_IIC_component	546	0.5495
272563.8.peg.2550|Ferredoxin--sulfite_reductase_(EC_1.8.7.1)	1548	17.8941
272563.8.peg.2551|Glycyl-tRNA_synthetase_beta_chain_(EC_6.1.1.14)	2067	157.2569
272563.8.peg.2552|Glycyl-tRNA_synthetase_alpha_chain_(EC_6.1.1.14)	879	112.3436
272563.8.peg.2558|Cytidine_deaminase_(EC_3.5.4.5)	402	63.6816
272563.8.peg.2559|Diacylglycerol_kinase_(EC_2.7.1.107)	720	38.2639
272563.8.peg.2567|SSU_ribosomal_protein_S21p	180	168.0556
272563.8.peg.2568|Bis(5'-nucleosyl)-tetraphosphatase_(asymmetrical)_(EC_3.6.1.17)	351	220.9402
272563.8.peg.237|Phosphoribosylaminoimidazole-succinocarboxamide_synthase_(EC_6.3.2.6)	699	24.4635
272563.8.peg.238|Amidophosphoribosyltransferase_(EC_2.4.2.14)	1368	37.1345
272563.8.peg.239|Phosphoribosylformylglycinamidine_cyclo-ligase_(EC_6.3.3.1)	1077	40.065
272563.8.peg.2586|Oxygen-independent_coproporphyrinogen-III_oxidase-like_protein_YggW	1176	5.4847
272563.8.peg.2588|CCA_tRNA_nucleotidyltransferase_(EC_2.7.7.72)	1338	7.6607
272563.8.peg.240|Phosphoribosylglycinamide_formyltransferase_(EC_2.1.2.2)	594	34.7643
272563.8.peg.2595|SSU_ribosomal_protein_S20p	267	135.0187
272563.8.peg.2596|DNA_polymerase_III_delta_subunit_(EC_2.7.7.7)	1044	14.4636
272563.8.peg.241|IMP_cyclohydrolase_(EC_3.5.4.10)_/_Phosphoribosylaminoimidazolecarboxamide_formyltransferase_(EC_2.1.2.3)	1533	40.6719
272563.8.peg.2606|Aspartate_aminotransferase_(EC_2.6.1.1)	1179	8.821
272563.8.peg.2607|Aminopeptidase_YpdF_(MP-,_MA-,_MS-,_AP-,_NP-_specific)	1065	6.0094
272563.8.peg.2613|Mannose-6-phosphate_isomerase_(EC_5.3.1.8)	945	15.2381
272563.8.peg.242|Phosphoribosylamine--glycine_ligase_(EC_6.3.4.13)	1251	61.4309
272563.8.peg.2617|Selenide,water_dikinase_(EC_2.7.9.3)_@_selenocysteine-containing	1047	18.4814
272563.8.peg.2622|Argininosuccinate_lyase_(EC_4.3.2.1)	1317	11.8831
272563.8.peg.243|Phosphoribosylformylglycinamidine_synthase,_synthetase_subunit_(EC_6.3.5.3)_/_Phosphoribosylformylglycinamidine_synthase,_glutamine_amidotransferase_subunit_(EC_6.3.5.3)	3807	105.7657
272563.8.peg.2624|Biosynthetic_Aromatic_amino_acid_aminotransferase_beta_(EC_2.6.1.57)	1104	75.5435
272563.8.peg.2631|Maltose-6'-phosphate_glucosidase_(EC_3.2.1.122)	1353	14.4124
272563.8.peg.2632|PTS_system,_maltose_and_glucose-specific_IIC_component_/_PTS_system,_maltose_and_glucose-specific_IIB_component_(EC_2.7.1.208)	1551	8.3172
272563.8.peg.2634|PTS_system,_glucose-specific_IIA_component_(EC_2.7.1.199)	483	7.2464
272563.8.peg.2636|Threonine_dehydratase,_catabolic_(EC_4.3.1.19)_@_L-serine_dehydratase,_(PLP)-dependent_(EC_4.3.1.17)	1218	412.6026
272563.8.peg.2638|L-asparaginase_(EC_3.5.1.1)	996	279.4177
272563.8.peg.2644|Leucyl-tRNA_synthetase_(EC_6.1.1.4)	2421	104.6055
272563.8.peg.2647|Nicotinate-nucleotide_adenylyltransferase_(EC_2.7.7.18)	690	65.8696
272563.8.peg.2660|5'-nucleotidase_(EC_3.1.3.5)	1842	24.43
272563.8.peg.2663|Pyridine_nucleotide-disulfide_oxidoreductase;_NADH_dehydrogenase_(EC_1.6.99.3)	1335	18.6517
272563.8.peg.2680|Phosphopantetheine_adenylyltransferase_(EC_2.7.7.3)	498	18.8755
272563.8.peg.2685|LSU_ribosomal_protein_L28p_@_LSU_ribosomal_protein_L28p,_zinc-dependent	189	127.5132
272563.8.peg.2693|Mannosylglycerate_hydrolase_(EC_3.2.1.170)	2679	37.738
272563.8.peg.2697|5'-methylthioadenosine_nucleosidase_(EC_3.2.2.16)_@_S-adenosylhomocysteine_nucleosidase_(EC_3.2.2.9)	630	16.5873
272563.8.peg.2698|Thiamin_pyrophosphokinase_(EC_2.7.6.2)	642	30.2181
272563.8.peg.2699|Ribulose-phosphate_3-epimerase_(EC_5.1.3.1)	672	36.4583
272563.8.peg.2708|Methionyl-tRNA_formyltransferase_(EC_2.1.2.9)	930	38.6022
272563.8.peg.2709|Peptide_deformylase_(EC_3.5.1.88)	441	34.0136
272563.8.peg.2710|Helicase_PriA_essential_for_oriC/DnaA-independent_DNA_replication	2490	13.9157
272563.8.peg.2711|Phosphopantothenoylcysteine_decarboxylase_(EC_4.1.1.36)_/_Phosphopantothenoylcysteine_synthetase_(EC_6.3.2.5)	1200	91.0833
272563.8.peg.2713|Guanylate_kinase_(EC_2.7.4.8)	618	37.2977
272563.8.peg.2715|Diaminopimelate_epimerase_(EC_5.1.1.7)	831	29.302
272563.8.peg.2716|Low-specificity_L-threonine_aldolase_(EC_4.1.2.48)	1035	127.0531
272563.8.peg.2719|Uracil_permease	1212	3.7954
272563.8.peg.2720|Pyrimidine_operon_regulatory_protein_PyrR	534	6.4607
272563.8.peg.2721|LSU_rRNA_pseudouridine(1911/1915/1917)_synthase_(EC_5.4.99.23)	912	10.1974
272563.8.peg.2733|Tryptophanyl-tRNA_synthetase_(EC_6.1.1.2)	1002	34.7305
272563.8.peg.2734|5'-methylthioadenosine_nucleosidase_(EC_3.2.2.16)_@_S-adenosylhomocysteine_nucleosidase_(EC_3.2.2.9)	699	17.1674
272563.8.peg.2736|Aminopeptidase_YpdF_(MP-,_MA-,_MS-,_AP-,_NP-_specific)	1077	559.6565
272563.8.peg.2741|Isoleucyl-tRNA_synthetase_(EC_6.1.1.5)	3117	175.2647
272563.8.peg.2754|Glycerol-3-phosphate_dehydrogenase	1020	125.8333
272563.8.peg.2775|UDP-N-acetylglucosamine--N-acetylmuramyl-(pentapeptide)_pyrophosphoryl-undecaprenol_N-acetylglucosamine_transferase_(EC_2.4.1.227)	1227	106.1125
272563.8.peg.2777|UDP-N-acetylmuramoyl-L-alanine--D-glutamate_ligase_(EC_6.3.2.9)	1356	69.3584
272563.8.peg.2778|Phospho-N-acetylmuramoyl-pentapeptide-transferase_(EC_2.7.8.13)	966	48.2919
272563.8.peg.2790|PTS_system,_glucose-specific_IIC_component_/_PTS_system,_glucose-specific_IIB_component_(EC_2.7.1.199)_/_PTS_system,_glucose-specific_IIA_component_(EC_2.7.1.199)	492	3.9634
272563.8.peg.2791|PTS_system,_glucose-specific_IIC_component_/_PTS_system,_glucose-specific_IIB_component_(EC_2.7.1.199)_/_PTS_system,_glucose-specific_IIA_component_(EC_2.7.1.199)	1572	4.3257
272563.8.peg.2793|Na+/H+_antiporter	2043	48.2624
272563.8.peg.2794|Oligopeptide_ABC_transporter,_ATP-binding_protein_OppF_(TC_3.A.1.5.1)	972	22.0679
272563.8.peg.2795|Oligopeptide_ABC_transporter,_ATP-binding_protein_OppD_(TC_3.A.1.5.1)	978	10.2249
272563.8.peg.2796|Oligopeptide_ABC_transporter,_substrate-binding_protein_OppA_(TC_3.A.1.5.1)	1560	169.0064
272563.8.peg.2798|Oligopeptide_ABC_transporter,_permease_protein_OppC_(TC_3.A.1.5.1)	813	27.4908
272563.8.peg.2800|Acetyl-CoA_acetyltransferase_(EC_2.3.1.9)	1179	11.1111
272563.8.peg.2803|3-hydroxybutyrate_dehydrogenase_(EC_1.1.1.30)	777	16.9241
272563.8.peg.2804|D-beta-hydroxybutyrate_permease	1335	6.6667
272563.8.peg.2806|Pyruvate-flavodoxin_oxidoreductase	3540	1501.4124
272563.8.peg.2816|Hypoxanthine-guanine_phosphoribosyltransferase_(EC_2.4.2.8)	528	17.3295
272563.8.peg.2818|Proton/glutamate_symporter_@_Sodium/glutamate_symporter	1209	545.1199
272563.8.peg.2820|Aspartate--ammonia_ligase_(EC_6.3.1.1)	1002	19.1118
272563.8.peg.2821|Cystathionine_beta-lyase_(EC_4.4.1.8)	1191	26.1545
272563.8.peg.2829|Xanthine/uracil/thiamine/ascorbate_permease_family_protein	1344	10.0446
272563.8.peg.2830|S-adenosylhomocysteine_deaminase_(EC_3.5.4.28);_Methylthioadenosine_deaminase_(EC_3.5.4.31)	1365	26.2271
272563.8.peg.2833|Shikimate/quinate_5-dehydrogenase_I_beta_(EC_1.1.1.282)	864	2.8356
272563.8.peg.2839|UDP-glucose_4-epimerase_(EC_5.1.3.2)	1014	41.4694
272563.8.peg.2840|UTP--glucose-1-phosphate_uridylyltransferase_(EC_2.7.7.9)	945	33.1217
272563.8.peg.2852|1,2-diacylglycerol_3-glucosyltransferase_(EC_2.4.1.157);_diglucosyldiacylglycerol_synthase_(LTA_membrane_anchor_synthesis)	1098	17.2587
272563.8.peg.2853|Serine_hydroxymethyltransferase_(EC_2.1.2.1)	1245	141.0442
272563.8.peg.2860|Cystathionine_beta-lyase_(EC_4.4.1.8)	1167	10.1971
272563.8.peg.2861|Na+/H+_antiporter_NhaC	1443	6.5489
272563.8.peg.2862|N-acetylmuramoyl-L-alanine_amidase_(EC_3.5.1.28)	1428	40.9664
272563.8.peg.2865|Cytosine_permease	1233	73.5604
272563.8.peg.2866|Aspartyl-tRNA_synthetase_(EC_6.1.1.12)	1788	80.2293
272563.8.peg.2867|Histidyl-tRNA_synthetase_(EC_6.1.1.21)	1263	53.9192
272563.8.peg.2871|Guanosine-3',5'-bis(diphosphate)_3'-pyrophosphohydrolase_(EC_3.1.7.2)_/_GTP_pyrophosphokinase_(EC_2.7.6.5),_(p)ppGpp_synthetase_II	2208	22.962
272563.8.peg.2872|Adenine_phosphoribosyltransferase_(EC_2.4.2.7)	513	45.4191
272563.8.peg.2882|Phosphoenolpyruvate-protein_phosphotransferase_of_PTS_system_(EC_2.7.3.9)	1713	111.9673
272563.8.peg.2888|N-acetylmuramoyl-L-alanine_amidase_(EC_3.5.1.28)	825	96.2424
272563.8.peg.2889|Undecaprenyl_diphosphate_synthase_(EC_2.5.1.31)	645	26.8217
272563.8.peg.2898|UDP-glucose_6-dehydrogenase_(EC_1.1.1.22)	1296	27.3534
272563.8.peg.2899|Putative_N-acetylgalactosaminyl-diphosphoundecaprenol_glucuronosyltransferase	753	21.0491
272563.8.peg.2901|Putative_N-acetylgalactosaminyl-diphosphoundecaprenol_glucuronosyltransferase	750	33.9333
272563.8.peg.2906|Mannose-1-phosphate_guanylyltransferase_(EC_2.7.7.13)	1074	16.8529
272563.8.peg.2907|Phosphomannomutase_(EC_5.4.2.8)	1707	11.8336
272563.8.peg.2910|Undecaprenyl-phosphate_galactosephosphotransferase_(EC_2.7.8.6)	687	140.2475
272563.8.peg.2911|N-acetylmuramoyl-L-alanine_amidase_(EC_3.5.1.28)	2025	45.4321
272563.8.peg.2913|N-acetylmuramoyl-L-alanine_amidase_(EC_3.5.1.28)	1578	22.9404
272563.8.peg.2916|N-acetylmuramoyl-L-alanine_amidase_(EC_3.5.1.28)	1833	300.1091
272563.8.peg.2918|N-acetylmuramoyl-L-alanine_amidase_(EC_3.5.1.28)	1872	327.2703
272563.8.peg.2921|N-acetylmuramoyl-L-alanine_amidase	1587	20.983
272563.8.peg.2922|N-acetylmuramoyl-L-alanine_amidase	1596	63.0326
272563.8.peg.2923|N-acetylmuramoyl-L-alanine_amidase_(EC_3.5.1.28)	1881	24.4285
272563.8.peg.2926|N-acetylmuramoyl-L-alanine_amidase_(EC_3.5.1.28)	1896	3.0063
272563.8.peg.2940|2-hydroxy-3-oxopropionate_reductase_(EC_1.1.1.60)	891	12.5701
272563.8.peg.2946|Dihydrofolate_reductase_(EC_1.5.1.3)	168	5.0595
272563.8.peg.2955|Biosynthetic_Aromatic_amino_acid_aminotransferase_alpha_(EC_2.6.1.57)_@_Aspartate_aminotransferase_(EC_2.6.1.1)	1191	126.8682
272563.8.peg.2961|Lead,_cadmium,_zinc_and_mercury_transporting_ATPase_(EC_3.6.3.3)_(EC_3.6.3.5);_Copper-translocating_P-type_ATPase_(EC_3.6.3.4)	2775	37.5856
272563.8.peg.2962|Serine_hydroxymethyltransferase_(EC_2.1.2.1)	1257	6.2053
272563.8.peg.2968|Seryl-tRNA_synthetase_(EC_6.1.1.11)	1272	21.1478
272563.8.peg.2977|Phosphonoacetaldehyde_hydrolase_(EC_3.11.1.1)_/_2-aminoethylphosphonate:pyruvate_aminotransferase_(EC_2.6.1.37)	1911	7.7708
272563.8.peg.2980|D-alanyl_transfer_protein_DltB	1149	36.3795
272563.8.peg.2981|D-alanine--poly(phosphoribitol)_ligase_subunit_1_(EC_6.1.1.13)	1515	38.9439
272563.8.peg.2983|Poly(glycerophosphate_chain)_D-alanine_transfer_protein_DltD	1191	33.5432
272563.8.peg.2988|N-acyl-D-amino-acid_deacylase_(EC_3.5.1.81)	1602	2.7778
272563.8.peg.294|1,3-propanediol_dehydrogenase_(EC_1.1.1.202)	1131	41.3351
272563.8.peg.2999|2-keto-3-deoxygluconate_permease_(KDG_permease)	933	33.8692
272563.8.peg.3000|Altronate_dehydratase_(EC_4.2.1.7)	276	36.2319
272563.8.peg.3001|Altronate_dehydratase_(EC_4.2.1.7)	1164	48.5825
272563.8.peg.3009|PTS_system,_cellobiose-specific_IIA_component_(EC_2.7.1.205)	318	60.0629
272563.8.peg.3011|6-phospho-beta-glucosidase_(EC_3.2.1.86)	1311	81.5027
272563.8.peg.295|Spore_photoproduct_lyase_(EC_4.1.99.14)	1023	42.2776
272563.8.peg.3012|PTS_system,_cellobiose-specific_IIC_component	1314	43.7595
272563.8.peg.3013|PTS_system,_cellobiose-specific_IIB_component_(EC_2.7.1.205)	312	30.2885
272563.8.peg.3024|N-acetylmuramoyl-L-alanine_amidase_(EC_3.5.1.28)	816	1.5931
272563.8.peg.3083|Single-stranded_DNA-binding_protein	417	2.6379
272563.8.peg.3111|Acetaldehyde_dehydrogenase_(EC_1.2.1.10)_/_Alcohol_dehydrogenase_(EC_1.1.1.1)	2655	2414.5198
272563.8.peg.3114|Long-chain-fatty-acid--CoA_ligase_(EC_6.2.1.3)	1392	4.0589
272563.8.peg.3115|3-ketoacyl-CoA_thiolase_(EC_2.3.1.16)_@_Acetyl-CoA_acetyltransferase_(EC_2.3.1.9)	1137	3.1223
272563.8.peg.3116|Substrate-specific_component_BioY_of_biotin_ECF_transporter	546	1.4652
272563.8.peg.304|PTS_system,_mannose-specific_IIA_component_(EC_2.7.1.191)	405	9.1358
272563.8.peg.3130|Undecaprenyl-diphosphatase_(EC_3.6.1.27)	852	4.0493
272563.8.peg.305|PTS_system,_mannose-specific_IIB_component_(EC_2.7.1.191)	498	9.5382
272563.8.peg.3134|ABC_transporter,_ATP-binding_protein_(cluster_1,_maltose/g3p/polyamine/iron);_ABC_transporter,_ATP-binding_protein_(cluster_10,_nitrate/sulfonate/bicarbonate)	879	3.5267
272563.8.peg.3135|Alkanesulfonates_transport_system_permease_protein	783	3.2567
272563.8.peg.3138|Ribonucleotide_reductase_of_class_Ib_(aerobic),_beta_subunit_(EC_1.17.4.1)	972	2.1605
272563.8.peg.3139|Ribonucleotide_reductase_of_class_Ib_(aerobic),_alpha_subunit_(EC_1.17.4.1)	2100	2.4762
272563.8.peg.307|PTS_system,_mannose-specific_IIB_component_(EC_2.7.1.191)	489	10.2249
272563.8.peg.308|PTS_system,_mannose-specific_IIC_component	756	12.5661
272563.8.peg.3146|Altronate_dehydratase_(EC_4.2.1.7)	1161	50.8613
272563.8.peg.3147|Altronate_dehydratase_(EC_4.2.1.7)	306	43.1373
272563.8.peg.3148|2-keto-3-deoxygluconate_permease_(KDG_permease)	975	52.8718
272563.8.peg.3150|Alcohol_dehydrogenase_(EC_1.1.1.1)	1146	73.9092
272563.8.peg.309|PTS_system,_mannose-specific_IID_component	864	14.4097
272563.8.peg.3153|Putative_Dihydrolipoamide_dehydrogenase_(EC_1.8.1.4);_Mercuric_ion_reductase_(EC_1.16.1.1);_PF00070_family,_FAD-dependent_NAD(P)-disulphide_oxidoreductase	1389	43.4485
272563.8.peg.3156|alpha-mannosidase_(EC_3.2.1.24)	2601	44.0984
272563.8.peg.3171|PTS_system,_glucose-specific_IIA_component_(EC_2.7.1.199)	471	1.6985
272563.8.peg.3174|PTS_system,_maltose_and_glucose-specific_IIC_component_/_PTS_system,_maltose_and_glucose-specific_IIB_component_(EC_2.7.1.208)	1578	0.6337
272563.8.peg.3176|Cysteine_desulfurase_(EC_2.8.1.7)	1275	7.6863
272563.8.peg.3177|Thioredoxin	318	12.2642
272563.8.peg.3192|PTS_system,_cellobiose-specific_IIC_component	1347	4.8255
272563.8.peg.3202|PTS_system,_glucose-specific_IIA_component_(EC_2.7.1.199)	468	13.6752
272563.8.peg.3204|Maltose-6'-phosphate_glucosidase_(EC_3.2.1.122)	1332	19.1817
272563.8.peg.3208|Xylose_isomerase_(EC_5.3.1.5)	1338	10.3886
272563.8.peg.3209|Xylulose_kinase_(EC_2.7.1.17)	1545	4.8867
272563.8.peg.3218|Tagatose_1,6-bisphosphate_aldolase_(EC_4.1.2.40)	870	69.5977
272563.8.peg.3223|6-phospho-beta-glucosidase_(EC_3.2.1.86)	1437	1.9485
272563.8.peg.3224|PTS_system,_cellobiose-specific_IIA_component_(EC_2.7.1.205)	354	0.8475
272563.8.peg.3225|PTS_system,_cellobiose-specific_IIC_component	1233	1.176
272563.8.peg.318|Biotin_synthase_(EC_2.8.1.6)	978	2.4029
272563.8.peg.3226|PTS_system,_cellobiose-specific_IIB_component_(EC_2.7.1.205)	318	1.2579
272563.8.peg.3228|Glycerate_kinase_(EC_2.7.1.31)	1155	4.7186
272563.8.peg.3229|Mannosylglycerate_hydrolase_(EC_3.2.1.170)	2616	3.8609
272563.8.peg.3235|Trehalose-6-phosphate_hydrolase_(EC_3.2.1.93)	1668	1077.458
272563.8.peg.3239|6-phospho-beta-glucosidase_(EC_3.2.1.86)	1434	8.5077
272563.8.peg.3240|6-phospho-beta-glucosidase_(EC_3.2.1.86)	1425	6.2456
272563.8.peg.320|Ribokinase_(EC_2.7.1.15)	891	15.1515
272563.8.peg.3241|PTS_system,_beta-glucoside-specific_IIB_component_/_PTS_system,_beta-glucoside-specific_IIC_component_/_PTS_system,_beta-glucoside-specific_IIA_component	1917	5.9468
272563.8.peg.3244|Arginine/ornithine_antiporter_ArcD	1392	5.9626
272563.8.peg.3245|PTS_system,_N-acetylglucosamine-specific_IIA_component_(EC_2.7.1.193)_/_PTS_system,_N-acetylglucosamine-specific_IIB_component_(EC_2.7.1.193)_/_PTS_system,_N-acetylglucosamine-specific_IIC_component	1653	2.9038
272563.8.peg.321|Ribose_ABC_transporter,_substrate-binding_protein_RbsB_(TC_3.A.1.2.1)	963	36.6563
272563.8.peg.3247|PTS_system,_glucose-specific_IIA_component_(EC_2.7.1.199)	492	11.5854
272563.8.peg.3249|Alcohol_dehydrogenase_(EC_1.1.1.1)	1152	2.3003
272563.8.peg.3250|Transaldolase_(EC_2.2.1.2)	642	5.5296
272563.8.peg.3253|Ribulose-phosphate_3-epimerase_(EC_5.1.3.1)	717	3.9052
272563.8.peg.322|Ribose_ABC_transporter,_ATP-binding_protein_RbsA_(TC_3.A.1.2.1)	1512	35.5489
272563.8.peg.3259|6-phospho-beta-glucosidase_(EC_3.2.1.86)	1455	5.2577
272563.8.peg.3260|PTS_system,_beta-glucoside-specific_IIB_component_/_PTS_system,_beta-glucoside-specific_IIC_component_/_PTS_system,_beta-glucoside-specific_IIA_component	1872	1.6827
272563.8.peg.323|Ribose_ABC_transporter,_permease_protein_RbsC_(TC_3.A.1.2.1)	999	26.7768
272563.8.peg.3269|6-phospho-beta-glucosidase_(EC_3.2.1.86)	1428	4.5518
272563.8.peg.3270|PTS_system,_beta-glucoside-specific_IIB_component_/_PTS_system,_beta-glucoside-specific_IIC_component_/_PTS_system,_beta-glucoside-specific_IIA_component	1929	5.21
272563.8.peg.3272|PTS_system,_trehalose-specific_IIB_component_(EC_2.7.1.201)_/_PTS_system,_trehalose-specific_IIC_component	1401	2.3555
272563.8.peg.3273|Beta-phosphoglucomutase_(EC_5.4.2.6)	672	2.0089
272563.8.peg.3275|6-phospho-beta-glucosidase_(EC_3.2.1.86)	1449	1.7943
272563.8.peg.3279|PTS_system,_fructose-specific_IIA_component_(EC_2.7.1.202)_/_PTS_system,_fructose-specific_IIB_component_(EC_2.7.1.202)_/_PTS_system,_fructose-specific_IIC_component	1896	148.5232
272563.8.peg.3281|6-phospho-beta-glucosidase_(EC_3.2.1.86)	1434	10.3208
272563.8.peg.3282|PTS_system,_beta-glucoside-specific_IIB_component_/_PTS_system,_beta-glucoside-specific_IIC_component_/_PTS_system,_beta-glucoside-specific_IIA_component	1842	7.9262
272563.8.peg.3321|Enolase_(EC_4.2.1.11)	1293	448.2599
272563.8.peg.3322|2,3-bisphosphoglycerate-independent_phosphoglycerate_mutase_(EC_5.4.2.12)	1530	156.5359
272563.8.peg.330|Phosphoserine_phosphatase_(EC_3.1.3.3)	729	42.524
272563.8.peg.3323|Triosephosphate_isomerase_(EC_5.3.1.1)	744	115.8602
272563.8.peg.3324|Phosphoglycerate_kinase_(EC_2.7.2.3)	1203	84.2062
272563.8.peg.3325|NAD-dependent_glyceraldehyde-3-phosphate_dehydrogenase_(EC_1.2.1.12)	1008	237.5
272563.8.peg.3328|Xanthine_dehydrogenase_iron-sulfur_subunit_(EC_1.17.1.4)_/_Xanthine_dehydrogenase,_molybdenum_binding_subunit_(EC_1.17.1.4)	2562	12.3536
272563.8.peg.3329|Dihydropyrimidinase_(EC_3.5.2.2)_@_D-hydantoinase_(EC_3.5.2.2)	1392	14.2601
272563.8.peg.3332|Guanine_deaminase_(EC_3.5.4.3)	1329	19.8646
272563.8.peg.3333|N-acyl-D-amino-acid_deacylase_(EC_3.5.1.81)	1584	34.154
272563.8.peg.3343|N-acetylmuramoyl-L-alanine_amidase_(EC_3.5.1.28)	1653	67.0296
272563.8.peg.3375|L-serine_dehydratase,_beta_subunit_(EC_4.3.1.17)_/_L-serine_dehydratase,_alpha_subunit_(EC_4.3.1.17)	1194	35.2178
272563.8.peg.3377|Aspartate-semialdehyde_dehydrogenase_(EC_1.2.1.11)	1002	80.2894
272563.8.peg.3380|2,3,4,5-tetrahydropyridine-2,6-dicarboxylate_N-acetyltransferase_(EC_2.3.1.89)	717	198.8145
272563.8.peg.3384|Hypoxanthine-guanine_phosphoribosyltransferase_(EC_2.4.2.8)	540	9.0741
272563.8.peg.3388|Single-stranded_DNA-binding_protein	636	118.7107
272563.8.peg.3390|Proline_racemase_(EC_5.1.1.4)	1008	754.7619
272563.8.peg.3392|D-proline_reductase,_45_kDa_subunit_(EC_1.21.4.1)_/_D-proline_reductase,_23_kDa_subunit_(EC_1.21.4.1)	468	877.0299
272563.8.peg.3393|D-proline_reductase,_45_kDa_subunit_(EC_1.21.4.1)_/_D-proline_reductase,_23_kDa_subunit_(EC_1.21.4.1)	759	1003.4256
272563.8.peg.3394|D-proline_reductase,_26_kDa_subunit_(EC_1.21.4.1)_@_selenocysteine-containing	726	1595.5923
272563.8.peg.3396|D-proline_reductase,_45_kDa_subunit_(EC_1.21.4.1)_/_D-proline_reductase,_23_kDa_subunit_(EC_1.21.4.1)	1881	1083.1207
272563.8.peg.3406|Dihydrofolate_synthase_(EC_6.3.2.12)_@_Folylpolyglutamate_synthase_(EC_6.3.2.17)	1299	39.9538
272563.8.peg.3409|Valyl-tRNA_synthetase_(EC_6.1.1.9)	2667	103.3933
272563.8.peg.3414|Phosphate_ABC_transporter,_ATP-binding_protein_PstB_(TC_3.A.1.7.1)	765	3.3987
272563.8.peg.3415|Phosphate_ABC_transporter,_permease_protein_PstA_(TC_3.A.1.7.1)	825	1.4545
272563.8.peg.3416|Phosphate_ABC_transporter,_permease_protein_PstC_(TC_3.A.1.7.1)	918	2.2331
272563.8.peg.3421|Phosphate_ABC_transporter,_substrate-binding_protein_PstS_(TC_3.A.1.7.1)	843	24.7924
272563.8.peg.3425|Heptaprenyl_diphosphate_synthase_component_I_(EC_2.5.1.30)	510	9.4118
272563.8.peg.3427|FeoB-like_protein	1947	66.1531
272563.8.peg.3429|PTS_system,_mannose-specific_IID_component	801	33.0836
272563.8.peg.3430|PTS_system,_mannose-specific_IIC_component	792	20.5808
272563.8.peg.3431|PTS_system,_mannose-specific_IIA_component_(EC_2.7.1.191)	423	15.13
272563.8.peg.3432|PTS_system,_mannose-specific_IIB_component_(EC_2.7.1.191)	480	10.0
272563.8.peg.3434|Pyrroline-5-carboxylate_reductase_(EC_1.5.1.2)	804	77.301
272563.8.peg.3435|Pyruvate_formate-lyase_(EC_2.3.1.54)	2370	403.6709
272563.8.peg.3436|Pyruvate_formate-lyase_activating_enzyme_(EC_1.97.1.4)	909	169.747
272563.8.peg.3438|Glucose-6-phosphate_isomerase_(EC_5.3.1.9)	1350	249.6667
272563.8.peg.3439|Sodium-dependent_phosphate_transporter	1629	32.5967
272563.8.peg.3464|D-3-phosphoglycerate_dehydrogenase_(EC_1.1.1.95)	939	33.8658
272563.8.peg.3472|Formate_dehydrogenase_H_(EC_1.2.1.2)_@_selenocysteine-containing	2145	132.4242
272563.8.peg.3510|Transcriptional_regulator,_GntR_family_domain_/_Aspartate_aminotransferase_(EC_2.6.1.1)	1416	3.5664
272563.8.peg.348|ATP-dependent_DNA_helicase_UvrD/PcrA_(EC_3.6.4.12)	2265	31.0596
272563.8.peg.3557|Pyruvate_kinase_(EC_2.7.1.40)_/_Phosphohistidine_swiveling_domain	1761	94.5769
272563.8.peg.3558|6-phosphofructokinase_(EC_2.7.1.11)	960	54.5313
272563.8.peg.3559|DNA_polymerase_III_alpha_subunit_(EC_2.7.7.7)	3570	45.5742
272563.8.peg.3565|UDP-N-acetylenolpyruvoylglucosamine_reductase_(EC_1.3.1.98)	915	28.9617
272563.8.peg.3578|Glycerol-3-phosphate_ABC_transporter,_permease_protein_UgpE_(TC_3.A.1.1.3)	861	1.8002
272563.8.peg.3580|Maltose/maltodextrin_transport_ATP-binding_protein_MalK_(EC_3.6.3.19);_Maltodextrin_ABC_transporter,_ATP-binding_protein_MsmX	1071	2.381
272563.8.peg.3582|Porphobilinogen_synthase_(EC_4.2.1.24)	966	81.0041
272563.8.peg.3583|Uroporphyrinogen-III_methyltransferase_(EC_2.1.1.107)_/_Uroporphyrinogen-III_synthase_(EC_4.2.1.75)	1500	23.9
272563.8.peg.3584|Porphobilinogen_deaminase_(EC_2.5.1.61)	906	22.1302
272563.8.peg.3585|Sirohydrochlorin_cobaltochelatase_CbiK_(EC_4.99.1.3)_@_Sirohydrochlorin_ferrochelatase_activity_of_CbiK_(EC_4.99.1.4)_/_Cobalt-precorrin-2_C(20)-methyltransferase_(EC_2.1.1.151)	1479	20.8587
272563.8.peg.3588|Cobalt-precorrin_5A_hydrolase_(EC_3.7.1.12)	1122	22.8164
272563.8.peg.3591|Cobalt-precorrin-7_(C5)-methyltransferase_(EC_2.1.1.289)	609	13.711
272563.8.peg.353|Manganese-dependent_inorganic_pyrophosphatase_(EC_3.6.1.1)	1599	231.3946
272563.8.peg.3595|L-threonine_3-O-phosphate_decarboxylase_(EC_4.1.1.81)	1071	13.1653
272563.8.peg.3596|Adenosylcobinamide-phosphate_synthase_(EC_6.3.1.10)	972	20.4218
272563.8.peg.3598|Cobyric_acid_synthase_(EC_6.3.5.10)	1515	23.0363
272563.8.peg.3600|Cobalamin_synthase_(EC_2.7.8.26)	774	34.9483
272563.8.peg.3601|Adenosylcobinamide_kinase_(EC_2.7.1.156)_/_Adenosylcobinamide-phosphate_guanylyltransferase_(EC_2.7.7.62)	561	65.2406
272563.8.peg.3602|Nicotinate-nucleotide--dimethylbenzimidazole_phosphoribosyltransferase_(EC_2.4.2.21)	1047	86.4852
272563.8.peg.3606|Aspartate_aminotransferase_(EC_2.6.1.1)	1188	95.8754
272563.8.peg.3613|Tagatose_1,6-bisphosphate_aldolase_(EC_4.1.2.40)	852	60.2113
272563.8.peg.3616|Tagatose-6-phosphate_kinase_(EC_2.7.1.144)	930	7.4194
272563.8.peg.354|Acetaldehyde_dehydrogenase_(EC_1.2.1.10)_/_Alcohol_dehydrogenase_(EC_1.1.1.1)	2643	14.6614
272563.8.peg.3621|5-formyltetrahydrofolate_cyclo-ligase_(EC_6.3.3.2)	570	52.807
272563.8.peg.3624|Transketolase,_C-terminal_section_(EC_2.2.1.1)	942	88.3227
272563.8.peg.3625|Transketolase,_N-terminal_section_(EC_2.2.1.1)	828	62.3188
272563.8.peg.3628|Alanine_racemase_(EC_5.1.1.1)	1158	329.361
272563.8.peg.3632|ATP_synthase_epsilon_chain_(EC_3.6.3.14)	261	89.8467
272563.8.peg.3633|ATP_synthase_beta_chain_(EC_3.6.3.14)	1395	185.8423
272563.8.peg.3634|ATP_synthase_gamma_chain_(EC_3.6.3.14)	879	129.4084
272563.8.peg.3635|ATP_synthase_alpha_chain_(EC_3.6.3.14)	1503	123.4198
272563.8.peg.3636|ATP_synthase_delta_chain_(EC_3.6.3.14)	546	77.6557
272563.8.peg.3640|ATP_synthase_protein_I	387	91.3437
272563.8.peg.3641|ATP_synthase_protein_I	228	36.6228
272563.8.peg.3642|dCMP_deaminase_(EC_3.5.4.12)_@_Late_competence_protein_ComEB	438	48.8584
272563.8.peg.3645|Uracil_phosphoribosyltransferase_(EC_2.4.2.9)	630	76.4286
272563.8.peg.3653|LSU_ribosomal_protein_L31p_@_LSU_ribosomal_protein_L31p,_zinc-dependent	201	187.0647
272563.8.peg.3656|UTP--glucose-1-phosphate_uridylyltransferase_(EC_2.7.7.9)	966	53.9337
272563.8.peg.3664|DNA-binding_protein_HBsu	279	433.871
272563.8.peg.3682|Ribose-phosphate_pyrophosphokinase_(EC_2.7.6.1)	951	163.7224
272563.8.peg.3683|N-acetylglucosamine-1-phosphate_uridyltransferase_(EC_2.7.7.23)_/_Glucosamine-1-phosphate_N-acetyltransferase_(EC_2.3.1.157)	1380	64.8913
272563.8.peg.3708|Methionyl-tRNA_synthetase_(EC_6.1.1.10)	1938	63.0289
272563.8.peg.3711|Nicotinate_phosphoribosyltransferase_(EC_6.3.4.21)	1431	106.2544
272563.8.peg.3717|DNA_polymerase_III_delta_prime_subunit_(EC_2.7.7.7)	936	30.7158
272563.8.peg.3718|Thymidylate_kinase_(EC_2.7.4.9)	690	18.7681
272563.8.peg.13|DNA_gyrase_subunit_B_(EC_5.99.1.3)	1902	49.8686
272563.8.peg.3722|Lysyl-tRNA_synthetase_(class_II)_(EC_6.1.1.6)	1530	157.7124
272563.8.peg.3725|Pantothenate_kinase_type_III,_CoaX-like_(EC_2.7.1.33)	771	46.5629
272563.8.peg.3728|Biotin_operon_repressor_/_Biotin--protein_ligase_(EC_6.3.4.9)(EC_6.3.4.10)(EC_6.3.4.11)(EC_6.3.4.15)	978	4.908
272563.8.peg.3730|tRNA(Ile)-lysidine_synthetase_(EC_6.3.4.19)	1389	108.6753
272563.8.peg.3732|Glutamate_racemase_(EC_5.1.1.3)	807	14.8699
272563.8.peg.3736|4-diphosphocytidyl-2-C-methyl-D-erythritol_kinase_(EC_2.7.1.148)	891	29.9663
272563.8.peg.3759|Carbamoyl-phosphate_synthase_large_chain_(EC_6.3.5.5)	3207	27.6582
272563.8.peg.3760|Carbamoyl-phosphate_synthase_small_chain_(EC_6.3.5.5)	1050	16.381
272563.8.peg.3761|Carbamoyl-phosphate_synthase_large_chain_(EC_6.3.5.5)	3207	31.5248
272563.8.peg.3762|Carbamoyl-phosphate_synthase_small_chain_(EC_6.3.5.5)	1044	15.0383
272563.8.peg.3763|Orotidine_5'-phosphate_decarboxylase_(EC_4.1.1.23)	717	10.53
272563.8.peg.3768|5-methyltetrahydrofolate--homocysteine_methyltransferase_(EC_2.1.1.13)	2382	28.5474
272563.8.peg.3769|Methionine_synthase_activation_domain_(EC_2.1.1.13)	726	23.0716
272563.8.peg.3770|S-ribosylhomocysteine_lyase_(EC_4.4.1.21)_@_Autoinducer-2_production_protein_LuxS	456	39.8026
272563.8.peg.365|GTP_pyrophosphokinase_(EC_2.7.6.5)	813	29.2743
272563.8.peg.3777|Phosphoglycolate_phosphatase_(EC_3.1.3.18)	651	7.3733
272563.8.peg.3799|4-hydroxy-2-oxoglutarate_aldolase_(EC_4.1.3.16)_@_2-dehydro-3-deoxyphosphogluconate_aldolase_(EC_4.1.2.14)	633	100.5529
272563.8.peg.3804|Putative_transcriptional_antiterminator,_BglG_family_/_PTS_system,_IIA_component	2088	77.2989
272563.8.peg.3805|Isochorismatase_(EC_3.3.2.1)	522	11.2069
272563.8.peg.3820|PTS_system,_cellobiose-specific_IIC_component	1302	1.8817
272563.8.peg.3822|PTS_system,_cellobiose-specific_IIA_component_(EC_2.7.1.205)	318	11.0063
272563.8.peg.3823|PTS_system,_cellobiose-specific_IIB_component_(EC_2.7.1.205)	312	10.0962
272563.8.peg.3825|PTS_system,_cellobiose-specific_IIC_component	2103	11.4836
272563.8.peg.3830|Adenylosuccinate_synthetase_(EC_6.3.4.4)	1290	32.0155
272563.8.peg.3833|LSU_ribosomal_protein_L9p	450	77.6667
272563.8.peg.3837|SSU_ribosomal_protein_S18p_@_SSU_ribosomal_protein_S18p,_zinc-dependent	228	315.3509
272563.8.peg.3838|Single-stranded_DNA-binding_protein	435	344.2529
272563.8.peg.3839|SSU_ribosomal_protein_S6p	279	256.6308
272563.8.peg.3846|Cysteine_desulfurase_(EC_2.8.1.7)	1143	140.1575
272563.8.peg.3857|Ribonuclease_P_protein_component_(EC_3.1.26.5)	345	39.8551
272563.8.peg.3858|LSU_ribosomal_protein_L34p	138	98.913
272563.8.peg.408|PTS_system,_beta-glucoside-specific_IIB_component_/_PTS_system,_beta-glucoside-specific_IIC_component_/_PTS_system,_beta-glucoside-specific_IIA_component	1863	62.6677
272563.8.peg.409|6-phospho-beta-glucosidase_(EC_3.2.1.86)	1467	58.1118
272563.8.peg.411|Asparagine_synthetase	1584	6.1869
272563.8.peg.414|D-lactate_dehydrogenase_(EC_1.1.1.28)	999	589.6396
272563.8.peg.423|Fructose-bisphosphate_aldolase_class_II_(EC_4.1.2.13)	927	832.5782
272563.8.peg.425|SSU_rRNA_pseudouridine(516)_synthase_(EC_5.4.99.19)	723	14.6611
272563.8.peg.466|2,4-diaminopentanoate_dehydrogenase_(EC_1.4.1.12)	1068	7.0693
272563.8.peg.472|Ornithine_racemase_(EC_5.1.1.12)	1065	6.9484
272563.8.peg.473|Na+/H+_antiporter_NhaC	1422	7.9466
272563.8.peg.476|ADP-ribose_pyrophosphatase	615	58.5366
272563.8.peg.42|Xylan_1,4-beta-xylosidase_(EC_3.2.1.37)	1647	12.0219
272563.8.peg.43|Xyloside_transporter_XynT	1374	6.8777
272563.8.peg.493|PTS_system,_sucrose-specific_IIB_component_(EC_2.7.1.211)_/_PTS_system,_sucrose-specific_IIC_component_/_PTS_system,_sucrose-specific_IIA_component_(EC_2.7.1.211)	1875	3.68
272563.8.peg.513|Phosphoribosylaminoimidazole-succinocarboxamide_synthase_(EC_6.3.2.6)	681	103.0103
272563.8.peg.514|Galactitol-1-phosphate_5-dehydrogenase_(EC_1.1.1.251)	1053	120.1804
272563.8.peg.515|PTS_system,_mannose-specific_IIA_component_(EC_2.7.1.191)	408	134.3137
272563.8.peg.516|PTS_system,_mannose-specific_IIB_component_(EC_2.7.1.191)	474	138.9241
272563.8.peg.517|PTS_system,_mannose-specific_IIC_component	693	191.1255
272563.8.peg.518|PTS_system,_mannose-specific_IID_component	840	273.5714
272563.8.peg.45|Acetoin_dehydrogenase_E1_component_alpha-subunit_(EC_2.3.1.190)	963	9.6054
272563.8.peg.46|Acetoin_dehydrogenase_E1_component_beta-subunit_(EC_2.3.1.190)	987	12.1074
272563.8.peg.47|Dihydrolipoamide_acetyltransferase_component_(E2)_of_acetoin_dehydrogenase_complex_(EC_2.3.1.12)	1047	14.8997
272563.8.peg.14|DNA_gyrase_subunit_A_(EC_5.99.1.3)	2427	75.1339
272563.8.peg.48|Dihydrolipoamide_dehydrogenase_of_acetoin_dehydrogenase_(EC_1.8.1.4)	1731	15.569
272563.8.peg.570|Ornithine_cyclodeaminase_(EC_4.3.1.12)	990	74.697
272563.8.peg.585|Glutaminase_(EC_3.5.1.2)	930	71.7204
272563.8.peg.50|PTS_system,_galactitol-specific_IIA_component_(EC_2.7.1.200)	465	2.6882
272563.8.peg.51|PTS_system,_galactitol-specific_IIB_component_(EC_2.7.1.200)	288	9.7222
272563.8.peg.52|PTS_system,_galactitol-specific_IIC_component	1350	4.8519
272563.8.peg.601|Threonyl-tRNA_synthetase_(EC_6.1.1.3)	1920	167.6823
272563.8.peg.610|Phosphoenolpyruvate_synthase_(EC_2.7.9.2)	2568	8.5475
272563.8.peg.55|Lipoate-protein_ligase_A	933	17.9528
272563.8.peg.618|Lysophospholipase_(EC_3.1.1.5);_Monoglyceride_lipase_(EC_3.1.1.23)	2496	6.7708
272563.8.peg.620|Lead,_cadmium,_zinc_and_mercury_transporting_ATPase_(EC_3.6.3.3)_(EC_3.6.3.5);_Copper-translocating_P-type_ATPase_(EC_3.6.3.4)	1605	9.0031
272563.8.peg.56|2-C-methyl-D-erythritol_4-phosphate_cytidylyltransferase_(EC_2.7.7.60)	714	9.8039
272563.8.peg.57|2-C-methyl-D-erythritol_2,4-cyclodiphosphate_synthase_(EC_4.6.1.12)	486	13.786
272563.8.peg.636|Chloride_channel_protein	594	8.7542
272563.8.peg.60|Glutamyl-tRNA_synthetase_(EC_6.1.1.17)	1482	38.0904
272563.8.peg.62|Cysteinyl-tRNA_synthetase_(EC_6.1.1.16)	1398	264.8426
272563.8.peg.721|LSU_ribosomal_protein_L35p	195	94.1026
272563.8.peg.722|LSU_ribosomal_protein_L20p	357	219.6078
272563.8.peg.724|2',3'-cyclic-nucleotide_2'-phosphodiesterase_(EC_3.1.4.16)	1926	21.1578
272563.8.peg.725|2',3'-cyclic-nucleotide_2'-phosphodiesterase_(EC_3.1.4.16)	1905	9.2388
272563.8.peg.734|Phenylalanyl-tRNA_synthetase_alpha_chain_(EC_6.1.1.20)	1020	43.1373
272563.8.peg.735|Phenylalanyl-tRNA_synthetase_beta_chain_(EC_6.1.1.20)	2394	79.8872
272563.8.peg.69|LSU_ribosomal_protein_L33p_@_LSU_ribosomal_protein_L33p,_zinc-dependent	150	63.6667
272563.8.peg.73|LSU_ribosomal_protein_L1p_(L10Ae)	699	379.113
272563.8.peg.746|Arginyl-tRNA_synthetase_(EC_6.1.1.19)	1701	44.1799
272563.8.peg.74|LSU_ribosomal_protein_L10p_(P0)	507	420.0197
272563.8.peg.755|Formate--tetrahydrofolate_ligase_(EC_6.3.4.3)	1677	698.39
272563.8.peg.756|Formiminotetrahydrofolate_cyclodeaminase_(EC_4.3.1.4)	633	234.0442
272563.8.peg.757|Methenyltetrahydrofolate_cyclohydrolase_(EC_3.5.4.9)_/_Methylenetetrahydrofolate_dehydrogenase_(NADP+)_(EC_1.5.1.5)	873	213.7457
272563.8.peg.759|5,10-methylenetetrahydrofolate_reductase_(EC_1.5.1.20)	882	187.3583
272563.8.peg.760|Dihydrolipoamide_dehydrogenase_(EC_1.8.1.4)	1386	287.5902
272563.8.peg.766|Glycine_cleavage_system_H_protein	378	619.9735
272563.8.peg.770|Lipoate-protein_ligase_A	816	44.2402
272563.8.peg.774|Histidinol-phosphatase_(EC_3.1.3.15)	780	14.9359
272563.8.peg.77|DNA-directed_RNA_polymerase_beta_subunit_(EC_2.7.7.6)	3717	174.2265
272563.8.peg.778|Glycerol_kinase_(EC_2.7.1.30)	1527	1.8664
272563.8.peg.795|Pyruvate_formate-lyase_activating_enzyme_(EC_1.97.1.4)	735	4.898
272563.8.peg.796|Pyruvate_formate-lyase_(EC_2.3.1.54)	2232	9.9238
272563.8.peg.801|PTS_system,_glucitol/sorbitol-specific_IIC_component	561	113.5472
272563.8.peg.804|PTS_system,_glucitol/sorbitol-specific_IIA_component_(EC_2.7.1.198)	366	90.847
272563.8.peg.805|Sorbitol-6-phosphate_2-dehydrogenase_(EC_1.1.1.140)	774	167.8941
272563.8.peg.78|DNA-directed_RNA_polymerase_beta'_subunit_(EC_2.7.7.6)	3486	254.3603
272563.8.peg.818|Multimodular_transpeptidase-transglycosylase_(EC_2.4.1.129)_(EC_3.4.-.-)	2694	69.1722
272563.8.peg.821|N-acetylmuramoyl-L-alanine_amidase_(EC_3.5.1.28)	885	56.7797
272563.8.peg.831|NAD_synthetase_(EC_6.3.1.5)	756	70.8333
272563.8.peg.837|3-hydroxybutyryl-CoA_dehydratase_(EC_4.2.1.55)	795	50.8805
272563.8.peg.838|D-beta-hydroxybutyrate_permease	1341	62.6398
272563.8.peg.79|SSU_ribosomal_protein_S12p_(S23e)	426	311.2676
272563.8.peg.80|SSU_ribosomal_protein_S7p_(S5e)	471	293.8429
272563.8.peg.854|PTS_system,_beta-glucoside-specific_IIB_component_/_PTS_system,_beta-glucoside-specific_IIC_component_/_PTS_system,_beta-glucoside-specific_IIA_component	1800	21.0556
272563.8.peg.856|6-phospho-beta-glucosidase_(EC_3.2.1.86)	1407	50.2843
CD630_12590|branched_chain_amino_acid_transport_system_carrier_protein	1293	496.2877
CD630_07500|ABC-type_transport_system,_aminoacid-family_extracellular_solute-binding_protein	816	26.2868
CD630_10040|fumB_fumarate_hydratase_subunit_B	549	4.918
CD630_10030|fumA_fumarate_hydratase_subunit_A	840	5.5357
CD630_23710|nadB_L-aspartate_oxidase	1302	3.9939
CD630_01790|gluD_NAD-specific_glutamate_dehydrogenase_	1266	1252.6856
CD630_12250|pdp_pyrimidine-nucleoside_phosphorylase	1341	12.1178
CD630_24170|PTS_system_glucitol/sorbitol-specific_transporter_subunit_IIB	1014	1.1341
CD630_24180|PTS_system_glucitol/sorbitol-specific_transporter_subunit_IIC	546	0.7326
CD630_10100|N-acetylglucosamine-6-phosphate_deacetylase	1134	56.1287
CD630_22770|class_II_aldolase_	648	7.8704
CD630_00450|sugar-phosphate_aldolase	651	3.149
CD630_35150|bifunctional_N-acetylglucosamine-1-phosphate_uridyltransferase/glucosamine-1-phosphate_acetyltransferase	1380	64.7826
CD630_30140|PTS_system_mannose-specfic_transporter_subunit_IIB	321	50.7788
CD630_30150|PTS_system_mannose-specfic_transporter_subunit_IIA	462	41.4502
CD630_30130|PTS_system_mannose-specfic_transporter_subunit_IIC	1116	51.1201
CD630_08760|sugar_family_ABC_transporter_substrate-binding_protein	1038	8.2852
CD630_08730|sugar_family_ABC_transporter_substrate-binding_protein	1023	10.0196
CD630_06820|sodium:solute_symporter	1599	3.0331
CD630_17760|amino_acid_family_ABC_transporter_ATP-binding_protein	672	22.247
CD630_01120|phosphate_butyryltransferase	903	207.4751
CD630_21990|ferredoxin/flavodoxin_oxidoreductase_subunit_alpha	1050	1.4762
CD630_21991|4Fe-4S_ferredoxin	237	0.8439
CD630_01540|4-hydroxyphenylacetate_decarboxylase_small_subunit	258	14.1473
CD630_01530|4-hydroxyphenylacetate_decarboxylase_large_subunit	2709	12.4769
CD630_23800|indolepyruvate_oxidoreductase_subunit_IorB	576	396.5278
CD630_32440|D-proline_reductase_PrdA	1881	1091.8926
CD630_23540|glycine_reductase_complex_component_B_subunits_alpha_and_beta	1287	1687.1018
CD630_03940|D-lactate_dehydrogenase	999	592.5425
CD630_03980|oxygen-sensitive_2-hydroxyisocaproyl-CoA_dehydratase_subunit_C	1128	1500.3989
CD630_03970|oxygen-sensitive_2-hydroxyisocaproyl-CoA_dehydratase_subunit_B	1227	1440.546
CD630_03950|isocaprenoyl-CoA:2-hydroxyisocaproate_CoA-transferase	1200	1192.375
CD630_03960|2-hydroxyisocaproyl-CoA_dehydratase_activator	801	1216.6042
CD630_01550|4-hydroxyphenylacetate_decarboxylase_activating_enzyme	951	20.3996
CD630_21960|succinyl-CoA_synthetase-like_ATP-binding_protein	2100	1.6667
CD630_23420|succinate-semialdehyde_dehydrogenase	1392	258.8362
CD630_23410|gamma-aminobutyrate_metabolism_dehydratase/isomerase	1497	287.2077
CD630_10540|butyryl-CoA_dehydrogenase	1137	1367.81
CD630_23390|4-hydroxybutyrate_CoA-transferase	1308	231.0015
CD630_26550|UDP-N-acetylmuramoyl-tripeptide--D-alanyl-D-alanine_ligase	1374	34.0247
CD630_02440|CDP-glycerol:poly(glycerophosphate)_glycerophosphotransferase	1485	43.1313
CD630_26510|UDP-N-acetylglucosamine-N-acetylmuramyl-(pentapeptide)_pyrophosphoryl-undecaprenol_N-_acetylglucosamine_transferase	1230	110.7724
T4BV06_CLODI|Branched-chain_amino_acid_aminotransferase	846	0.0
CD630_25690|alpha-mannosidase	2679	37.9059
CD630_14930|3-methyladenine_DNA_glycosylase	609	62.6437
CD630_32370_2|proline_racemase	1008	772.5198
CD630_32370_1|proline_racemase	1008	787.9464
K00529|phenylpropionate_dioxygenase	1203	0.0
