id	name
rxn02201_c	2-amino-4-hydroxy-6-hydroxymethyl-7,8-dihydropteridine-diphosphate:4-aminobenzoate_2-amino-4-hydroxydihydropteridine-6-methenyltransferase
rxn00836_c	IMP:diphosphate_phospho-D-ribosyltransferase
rxn00390_c	N-Acyl-L-aspartate_amidohydrolase
rxn00423_c	acetyl-CoA:L-serine_O-acetyltransferase
rxn00364_c	ATP:CMP_phosphotransferase
rxn03408_c	UDP-N-acetyl-D-glucosamine:undecaprenyl-diphospho-N-acetylmuramoyl-L-alanyl-gamma-D-glutamyl-meso-2,6-diaminopimeloyl-D-alanyl-D-alanine_4-beta-N-acetylglucosaminlytransferase
rxn02177_c	Isochorismate_pyruvate-hydrolase
rxn01452_c	(S)-3-Hydroxybutanoyl-CoA:NADP+_oxidoreductase
rxn00022_c	maltose_glucohydrolase
rxn00973_c	citrate_hydroxymutase
rxn04031_c	thiocyanate_aminohydrolase
rxn00322_c	L-lysine_carboxy-lyase_(cadaverine-forming)
rxn05457_c	[Acyl-carrier-protein]_acetyltransferase
rxn10278_c	anteisopentadecanoyl-UDP-glucosyltransferase_(diglucosyl)
rxn04271_c	trans-2-Methyl-5-isopropylhexa-2,5-dienal_dehydrogenase
rxn05392_c	7-methyl-octanoyl-ACP:malonyl-[acyl-carrier-protein]_C-acyltransferase_(decarboxylating)
rxn01358_c	inosine:phosphate_alpha-D-ribosyltransferase
rxn01219_c	ATP:dCMP_phosphotransferase
rxn02168_c	(3R)-3-Hydroxybutanoyl-CoA_hydro-lyase
rxn05958_c	S-ribosylhomocysteine_lyase
rxn00519_c	ITP:oxaloacetate_carboxy-lyase_(adding_ITP;_phosphoenolpyruvate-forming)
rxn00258_c	Malonyl-CoA:pyruvate_carboxytransferase
rxn00800_c	N6-(1,2-dicarboxyethyl)AMP_AMP-lyase_(fumarate-forming)
rxn09177_c	(R)-4'-Phosphopantothenate:L-cysteine_ligase
rxn00211_c	UDP-glucose:NAD+_6-oxidoreductase
rxn01210_c	10-Formyltetrahydrofolate:L-glutamate_ligase_(ADP-forming)
rxn00192_c	acetyl-CoA:L-glutamate_N-acetyltransferase
rxn01218_c	2'-Deoxycytidine_5'-monophosphate_phosphohydrolase
rxn05367_c	6-methyl-octanoyl-ACP:malonyl-[acyl-carrier-protein]_C-acyltransferase_(decarboxylating)
rxn01199_c	ATP:D-xylulose_5-phosphotransferase
rxn00545_c	ATP:D-fructose-6-phosphate_1-phosphotransferase
rxn01547_c	Guanosine_aminohydrolase
rxn02320_c	5-Amino-2-oxopentanoate:2-oxoglutarate_aminotransferase
rxn10287_c	anteisopentadecanoyl-UDP-glucosyltransferase_(monoglucosyl)
rxn06488_c	Deoxylimonate_A-ring-lactonohydrolase
rxn02504_c	2-amino-4-hydroxy-6-(D-erythro-1,2,3-trihydroxypropyl)-7,8-dihydropteridine_glycolaldehyde-lyase
rxn04082_c	L-ribulose-5-phosphate_4-epimerase
rxn04996_c	dimethyallyl_diphosphate:NADP+_oxidoreductase
rxn05404_c	13-methyl-tetra-decanoyl-ACP:malonyl-[acyl-carrier-protein]_C-acyltransferase_(decarboxylating)
rxn02796_c	chenodeoxycholoyltaurine_amidohydrolase
rxn10262_c	isopentadecanoyl-CDPdiacylglycerol:sn-glycerol-3-phosphate_3-phosphatidyltransferase
rxn10225_c	isohexadecanoyl-phosphatidate_cytidylyltransferase
rxn03463_c	alpha-2,8-sialyltransferase
rxn01486_c	trans,trans-Farnesyl-diphosphate:isopentenyl-diphosphate_farnesyltranstransferase
rxn00898_c	2,3-Dihydroxy-3-methylbutanoate_hydro-lyase
rxn05040_c	D-ribulose_5-phosphate_formate-lyase_(L-3,4-dihydroxybutan-2-one_4-phosphate-forming)
rxn05400_c	11-methyl-dodecanoyl-ACP:malonyl-[acyl-carrier-protein]_C-acyltransferase_(decarboxylating)
rxn03030_c	Acetyl-CoA:L-2,3,4,5-tetrahydrodipicolinate_N2-acetyltransferase
rxn01636_c	N2-Acetyl-L-ornithine:L-glutamate_N-acetyltransferase
rxn05235_c	2'-Deoxyuridine_5'-triphosphate:oxydized-thioredoxin_2'-oxidoreductase
rxn02090_c	Creatinine_iminohydrolase
rxn02988_c	glycerone_phosphate:iminosuccinate_alkyltransferase_(cyclizing)
rxn01021_c	Methylthioadenosine_methylthioribohydrolase
rxn00165_c	L-serine_ammonia-lyase
rxn05814_c	ATP:nucleoside-phosphate_phosphotransferase
rxn00539_c	ethanolamine_ammonia-lyase_(acetaldehyde-forming)
rxn00678_c	(S)-2-Methyl-3-oxopropanoyl-CoA:pyruvate_carboxyltransferase
rxn03667_c	2-Hydroxy-6-oxo-octa-2,4-dienoate_acylhydrolase
rxn00001_c	diphosphate_phosphohydrolase
rxn01322_c	N-Acetylneuraminate_pyruvate-lyase_(N-acetyl-D-mannosamine-forming)
rxn01331_c	D-erythrose_4-phosphate:NAD+_oxidoreductase
rxn00710_c	orotidine-5'-phosphate_carboxy-lyase_(UMP-forming)
rxn10317_c	myristoyl-lipoteichoic_acid_synthesis_(n=24),_unlinked,_D-alanine_substituted
rxn01114_c	ATP:D-ribulose_5-phosphotransferase
rxn02305_c	2-methyl-4-amino-5-hydroxymethylpyrimidine-diphosphate:4-methyl-5-(2-phosphoethyl)-thiazole_2-methyl-4-aminopyridine-5-methenyltransferase
rxn00470_c	L-ornithine_carboxy-lyase_(putrescine-forming)
rxn08817_c	Lysophospholipase_L2_(2-acylglycerophosphotidate,_n-C12:0)
rxn00910_c	5-methyltetrahydrofolate:NADP+_oxidoreductase
rxn08296_c	diacylglycerol_kinase_(n-C14:1)
rxn01297_c	hypoxanthine:NAD+_oxidoreductase
rxn10254_c	anteisoheptadecanoyl-Diacylglycerol_kinase
rxn05459_c	stearyl-ACP:[acyl-carrier-protein]_transferase
rxn05453_c	13-methyl-tetra-decanoyl-ACP:[acyl-carrier-protein]_transferase
rxn01682_c	(1S,2R)-1-C-(indol-3-yl)glycerol_3-phosphate_D-glyceraldehyde-3-phosphate-lyase
rxn06493_c	dihydrolipoylprotein:NAD+_oxidoreductase
rxn00337_c	ATP:L-aspartate_4-phosphotransferase
rxn01231_c	3-Sulfo-L-alanine_carboxy-lyase_(taurine-forming)
rxn08308_c	CDP-diacylglycerol_synthetase_(n-C14:1)
rxn08823_c	Lysophospholipase_L2_(2-acylglycerophosphotidate,_n-C18:1)
rxn05346_c	butyryl-[acyl-carrier_protein]:malonyl-[acyl-carrier-protein]_C-acyltransferase_(decarboxylating)
rxn03248_c	Hexanoyl-CoA:acetyl-CoA_C-acyltransferase
rxn05733_c	O3-acetyl-L-serine:thiosulfate_2-amino-2-carboxyethyltransferase_(reducing,_L-cysteine-forming)
rxn00416_c	L-aspartate:L-glutamine_amido-ligase_(AMP-forming)
rxn12512_c	(R)-4'-Phosphopantothenate:L-cysteine_ligase
rxn08669_c	Glycerophosphodiester_phosphodiesterase
rxn00902_c	acetyl-CoA:3-methyl-2-oxobutanoate_C-acetyltransferase_(thioester-hydrolysing,_carboxymethyl-forming)
rxn06672_c	biotin-carboxyl-carrier-protein:carbon-dioxide_ligase_(ADP-forming)
rxn02961_c	CTP:ethanolamine-phosphate_cytidylyltransferase
rxn00649_c	O3-acetyl-L-serine:hydrogen-sulfide_2-amino-2-carboxyethyltransferase
rxn01739_c	ATP:shikimate_3-phosphotransferase
rxn02400_c	Nicotinate_D-ribonucleotide_phosphohydrolase
rxn01268_c	Prephenate:NAD+_oxidoreductase(decarboxylating)
rxn00641_c	GTP:alpha-D-mannose-1-phosphate_guanylyltransferase
rxn01974_c	LL-2,6-Diaminoheptanedioate_2-epimerase
rxn00242_c	guanosine-3',5'-bis(diphosphate)_3'-diphosphohydrolase
rxn00568_c	Nitrite_reductase_(NAD(P)H)
rxn08971_c	NADH_dehydrogenase_(menaquinone-8_&_0_protons)
rxn01635_c	1-Pyrroline-4-hydroxy-2-carboxylate_aminohydrolase_(decyclizing)
rxn04384_c	adenosylcobyric_acid:(R)-1-aminopropan-2-yl_phosphate_ligase
rxn00060_c	porphobilinogen:(4-[2-carboxyethyl]-3-[carboxymethyl]pyrrol-2-yl)methyltransferase_(hydrolysing)
rxn00225_c	ATP:acetate_phosphotransferase
rxn05350_c	hexanoyl-[acyl-carrier_protein]:malonyl-[acyl-carrier-protein]_C-acyltransferase_(decarboxylating)
rxn08838_c	Lysophospholipase_L2_(2-acylglycerophosphoethanolamine,_n-C12:0)
rxn00780_c	ATP:D-glyceraldehyde_3-phosphotransferase
rxn00148_c	ATP:pyruvate_2-O-phosphotransferase
rxn01102_c	ATP:(R)-glycerate_3-phosphotransferase
rxn05569_c	D-glucosamine_transport_via_PEP:Pyr_PTS
rxn05358_c	2-methylbutanoyl-CoA:[acyl-carrier-protein]_transferase
rxn00100_c	ATP:dephospho-CoA_3'-phosphotransferase
rxn03482_c	Salicin_6-phosphate_glucohydrolase
rxn00789_c	1-(5-phospho-D-ribosyl)-ATP:diphosphate_phospho-alpha-D-ribosyl-transferase
rxn05158_c	ATP_phosphohydrolase_(glycerol-3-phosphate-importing)
rxn08976_c	quinone_reductase
rxn00781_c	D-glyceraldehyde-3-phosphate:NAD+_oxidoreductase_(phosphorylating)
rxn05298_c	Na+/glutamate_symport
rxn05408_c	2-methylpropionyl-CoA:[acyl-carrier-protein]_transferase
rxn00292_c	UDP-N-acetyl-D-glucosamine_2-epimerase
rxn02264_c	Hydroxymethylbilane_hydro-lyase(cyclizing)
rxn03185_c	alpha-2,8-sialyltransferase
rxn02687_c	(R)-mandelate_dehydrogenase
rxn03903_c	UDPMurAc(oyl-L-Ala-D-gamma-Glu-L-Lys-D-Ala-D-Ala):undecaprenyl-phosphate_phospho-N-acetylmuramoyl-pentapeptide-transferase
rxn00097_c	ATP:AMP_phosphotransferase
rxn01217_c	dCMP_aminohydrolase
rxn02212_c	2-Dehydro-3-deoxy-D-arabino-heptonate_7-phosphate_phosphate-lyase_(cyclyzing)
rxn00695_c	ATP:alpha-D-glucose-1-phosphate_adenylyltransferase
rxn07670_c	hydroxycinnamoyl-CoA:anthocyanidin_3,5-diglucoside_5-O-glucoside-6'''-O-hydroxycinnamoyltransferase
rxn00655_c	N-(D-1-carboxyethyl)-beta-alanine:NAD+_oxidoreductase_(beta-alanine-forming)
rxn00692_c	5,10-Methylenetetrahydrofolate:glycine_hydroxymethyltransferase
rxn01492_c	ATP:D-fructose-1-phosphate_6-phosphotransferase
rxn00802_c	2-(Nomega-L-arginino)succinate_arginine-lyase_(fumarate-forming)
rxn02160_c	L-Histidinol-phosphate_phosphohydrolase
rxn00926_c	Adenine_aminohydrolase
rxn08884_c	2-O-(6-phospho-alpha-D-mannosyl)-D-glycerate_6-phosphomannohydrolase
rxn05413_c	4-methyl-pentanoyl-ACP:malonyl-[acyl-carrier-protein]_C-acyltransferase_(decarboxylating)
rxn10284_c	anteisoheptadecanoyl-UDP-glucosyltransferase_(monoglucosyl)
rxn00913_c	Guanosine_5'-monophosphate_phosphohydrolase
rxn08521_c	reduced-riboflavin:NAD+_oxidoreductase
rxn08809_c	Lysophospholipase_L1_(2-acylglycerophosphoethanolamine,_n-C18:1)_(periplasm)
rxn00171_c	acetaldehyde:NAD+_oxidoreductase_(CoA-acetylating)
rxn03958_c	1-Deoxy-D-xylulose-5-phosphate_isomeroreductase
rxn00259_c	(3S)-citryl-CoA_oxaloacetate-lyase_(acetyl-CoA-forming)
rxn00345_c	N-Acetyl-L-aspartate_amidohydrolase
rxn00178_c	Acetyl-CoA:acetyl-CoA_C-acetyltransferase
rxn01362_c	Orotidine-5'-phosphate:diphosphate_phospho-alpha-D-ribosyl-transferase
rxn03174_c	2-Amino-4-hydroxy-6-(erythro-1,2,3-trihydroxypropyl)_dihydropteridine_triphosphate_hydrolase
rxn00549_c	D-Fructose-1,6-bisphosphate_1-phosphohydrolase
rxn04779_c	_N-cyclopropylmelamine_deaminase
rxn07875_c	geranal_dehydrogenase
rxn00506_c	Acetaldehyde:NAD+_oxidoreductase
rxn00340_c	L-aspartate:ammonia_ligase_(AMP-forming)
rxn10060_c	NAD_kinase_(dTTP)
rxn05127_c	gamma-glutamyl-gamma_aminobutyric_acid_dehydrogenase
rxn00305_c	GTP:oxaloacetate_carboxy-lyase_(adding_GTP;phosphoenolpyruvate-forming)
rxn01445_c	2'-Deoxyguanosine_5'-monophosphate_phosphohydrolase
rxn00612_c	sn-Glycerol-3-phosphate:NADP+_2-oxidoreductase
rxn08841_c	Lysophospholipase_L2_(2-acylglycerophosphoethanolamine,_n-C16:0)
rxn12405_c	transport_of_(r)-3-hydroxybutanoate_[extraorganism-cytosol](passive)
rxn02159_c	L-Histidinol:NAD+_oxidoreductase
rxn10222_c	isotetradecanoyl-phosphatidate_cytidylyltransferase
rxn01966_c	alpha,alpha-Trehalose:orthophosphate_beta-D-glucosyltransferase
rxn10263_c	anteisopentadecanoyl-CDPdiacylglycerol:sn-glycerol-3-phosphate_3-phosphatidyltransferase
rxn02791_c	(5-Glutamyl)-peptide:amino-acid_5-glutamyltransferase
rxn08845_c	Lysophospholipase_L2_(2-acylglycerophosphoglycerol,_n-C12:0)
rxn01292_c	L-Arabinose_aldose-ketose-isomerase
rxn00300_c	GTP_7,8-8,9-dihydrolase_(diphosphate-forming)
rxn02380_c	beta-D-Glucose_6-phosphate_ketol-isomerase
rxn08792_c	lactate_oxidation
rxn10131_c	arginine/ornithine_antiporter_(periplasm)
rxn05417_c	6-methyl-heptanoyl-ACP:malonyl-[acyl-carrier-protein]_C-acyltransferase_(decarboxylating)
rxn08799_c	Lysophospholipase_L1_(2-acylglycerophosphotidate,_n-C16:0)_(periplasm)
rxn05234_c	2'-Deoxyguanosine_5'-triphosphate:oxydized-thioredoxin_2'-oxidoreductase
rxn01157_c	D-glutamate_hydro-lyase_(cyclizing;_5-oxo-D-proline-forming)
rxn01844_c	Sphingomyelin_cholinephosphohydrolase
rxn05938_c	pyruvate_ferredoxin_oxidoreductase
rxn00537_c	2-Phosphonoacetaldehyde_phosphonohydrolase
rxn03419_c	formamidopyrimidine_nucleoside_triphosphate_amidohydrolase
rxn11610_c	2-hydroxymuconic_semialdehyde_hydrolase
rxn10256_c	isopentadecanoyl-Diacylglycerol_kinase
rxn04781_c	N-cyclopropylammelide_alkylamino_hydrolase
rxn00758_c	sn-Glycero-3-phosphocholine_glycerophosphohydrolase
rxn02975_c	CDP-3,6-dideoxy-D-glucose_2-epimerase
rxn00272_c	L-Alanine:glyoxylate_aminotransferase
rxn05555_c	iron_(II)_transport_via_ABC_system
rxn09111_c	Phosphatidylglycerol_synthase_(n-C16:0)
rxn06078_c	O-acetyl-L-homoserine_acetate-lyase_(L-homocysteine_forming)
rxn03848_c	Biuret_amidohydrolase
rxn05348_c	Decanoyl-[acyl-carrier_protein]:malonyl-[acyl-carrier-protein]_C-acyltransferase_(decarboxylating)
rxn00907_c	5,10-methylenetetrahydrofolate:NADP+_oxidoreductase
rxn05458_c	[Acyl-carrier-protein]_acetyltransferase
rxn08300_c	diacylglycerol_kinase_(n-C18:1)
rxn08297_c	diacylglycerol_kinase_(n-C16:0)
rxn00012_c	sucrose:sucrose_1'-beta-D-fructosyltransferase
rxn01280_c	(R)-Glycerate:NAD+_oxidoreductase
rxn07721_c	hydroxycinnamoyl-CoA:anthocyanidin_3,5-diglucoside_5-O-glucoside-6'''-O-hydroxycinnamoyltransferase
rxn10322_c	isopentadecanoyl-lipoteichoic_acid_synthesis_(n=24),_unlinked,_D-alanine_substituted
rxn09320_c	ATP:3'-dephospho-CoA_5-triphosphoribosyltransferase
rxn09114_c	Phosphatidylglycerol_synthase_(n-C18:1)
rxn08822_c	Lysophospholipase_L2_(2-acylglycerophosphotidate,_n-C18:0)
rxn02821_c	Acylneuraminyl_hydrolase
rxn05345_c	dodecanoyl-[acyl-carrier-protein]:malonyl-[acyl-carrier-protein]_C-acyltransferase_(decarboxylating)
rxn04068_c	Glycocholate_amidohydrolase
rxn01522_c	xanthine:NAD+_oxidoreductase
rxn03891_c	trans-hexaprenyltranstransferase
rxn01465_c	(S)-dihydroorotate_amidohydrolase
rxn05145_c	phosphate-transporting_ATPase
rxn01301_c	L-Homoserine:NAD+_oxidoreductase
rxn01643_c	L-Aspartate-4-semialdehyde:NADP+_oxidoreductase_(phosphorylating)
rxn00295_c	UDP-N-acetyl-D-glucosamine_4-epimerase
rxn00499_c	(S)-Lactate:NAD+_oxidoreductase
rxn08844_c	Lysophospholipase_L2_(2-acylglycerophosphoethanolamine,_n-C18:1)
rxn00707_c	ITP:cytidine_5'-phosphotransferase
rxn06937_c	L-glutamate:tRNA(Glu)_ligase_(AMP-forming)
rxn01637_c	N2-Acetyl-L-ornithine:2-oxoglutarate_aminotransferase
rxn02489_c	ATP:1D-myo-inositol-1,3,4,6-tetrakisphosphate_5-phosphotransferase
rxn03095_c	Taurodeoxycholate_amidohydrolase
rxn00566_c	L-Cysteine_hydrogen-sulfide-lyase_(deaminating;_pyruvate-forming)
rxn00708_c	Uridine_5'-monophosphate_phosphohydrolase
rxn02639_c	3alpha,7alpha,12alpha-trihydroxy-5beta-cholanoyl-CoA:propanoyl-CoA_C-acyltransferase
rxn03762_c	CEA_synthetase
rxn01269_c	Prephenate:NADP+_oxidoreductase(decarboxylating)
rxn00392_c	ATP:riboflavin_5'-phosphotransferase
rxn00747_c	D-glyceraldehyde-3-phosphate_aldose-ketose-isomerase
rxn01334_c	Sedoheptulose_1,7-bisphosphate_D-glyceraldehyde-3-phosphate-lyase
rxn05219_c	nonpolar-amino-acid-transporting_ATPase
rxn00029_c	5-aminolevulinate_hydro-lyase_(adding_5-aminolevulinate_and_cyclizing;_porphobilinogen-forming)
rxn06673_c	Acetyl-CoA:carbon-dioxide_ligase_(ADP-forming)
rxn07734_c	hydroxycinnamoyl-CoA:anthocyanidin_3,5-diglucoside_5-O-glucoside-6'''-O-hydroxycinnamoyltransferase
rxn02175_c	ATP:pantetheine-4'-phosphate_adenylyltransferase
rxn02835_c	1-(5-phospho-D-ribosyl)-AMP_1,6-hydrolase
rxn03884_c	2-dehydro-3-deoxy-D-gluconate-6-phosphate_D-glyceraldehyde-3-phosphate-lyase
rxn04385_c	L-threonine-O-3-phosphate_carboxy-lyase
rxn03861_c	(S)-3-Hydroxybutanoyl-CoA:NADP+_oxidoreductase
rxn00146_c	(R)-Lactate:ferricytochrome-c_2-oxidoreductase
rxn08839_c	Lysophospholipase_L2_(2-acylglycerophosphoethanolamine,_n-C14:0)
rxn03536_c	Adenosyl_cobinamide_kinase
rxn02009_c	UDP-N-acetylmuramoyl-L-alanyl-D-glutamate:L-lysine_gamma-ligase_(ADP-forming)
rxn09562_c	Guanylate_kinase
rxn05359_c	4-methyl-3-oxo-hexanoyl-ACP:malonyl-[acyl-carrier-protein]_C-acyltransferase_(decarboxylating)
rxn10277_c	isopentadecanoyl-UDP-glucosyltransferase_(diglucosyl)
rxn00555_c	L-glutamine:D-fructose-6-phosphate_isomerase_(deaminating)
rxn03282_c	alcohol_dehydrogenase
rxn03080_c	5-amino-6-(D-ribitylamino)uracil_butanedionetransferase
rxn01044_c	D-xylose_aldose-ketose-isomerase
rxn00143_c	S-Adenosyl-L-homocysteine_homocysteinylribohydrolase
rxn00147_c	ATP:pyruvate,water_phosphotransferase
rxn01505_c	N-Acetyl-D-glucosamine_1-phosphate_1,6-phosphomutase
rxn00737_c	L-threonine_ammonia-lyase_(2-oxobutanoate-forming)
rxn08843_c	Lysophospholipase_L2_(2-acylglycerophosphoethanolamine,_n-C18:0)
rxn04723_c	3-methylsalicylaldehyde_dehydrogenase
rxn00213_c	UTP:alpha-D-glucose-1-phosphate_uridylyltransferase
rxn01740_c	Shikimate:NADP+_3-oxidoreductase
rxn02762_c	2',3'-Cyclic_CMP_3'-nucleotidohydrolase
rxn05655_c	sucrose_transport_via_PEP:Pyr_PTS
rxn02314_c	ATP:D-tagatose-6-phosphate_1-phosphotransferase
rxn04043_c	ADP:D-fructose-6-phosphate_1-phosphotransferase
rxn00139_c	AMP:diphosphate_phospho-D-ribosyltransferase
rxn07261_c	ethanolaminephosphotransferase
rxn00790_c	5-phosphoribosylamine:diphosphate_phospho-alpha-D-ribosyltransferase_(glutamate-amidating)
rxn10285_c	isotetradecanoyl-UDP-glucosyltransferase_(monoglucosyl)
rxn03910_c	2-Phospho-4-(cytidine_5'-diphospho)-2-C-methyl-D-erythritol_CMP-lyase_(cyclizing)
rxn00422_c	L-Serine:pyruvate_aminotransferase
rxn07100_c	CDPethanolamine:1-alkyl-2-acylglycerol_ethanolaminephosphotransferase
rxn03540_c	Ado-cobyric_acid_synthase_[glutamine_hydrolyzing]
rxn08311_c	CDP-diacylglycerol_synthetase_(n-C18:0)
rxn03175_c	N-(5'-Phospho-D-ribosylformimino)-5-amino-1-_(5''-phospho-D-ribosyl)-4-imidazolecarboxamide_ketol-isomerase
rxn10264_c	isohexadecanoyl-CDPdiacylglycerol:sn-glycerol-3-phosphate_3-phosphatidyltransferase
rxn03421_c	2,5-Diaminopyrimidine_nucleoside_triphosphate_mutase
rxn01023_c	formamide_hydro-lyase_(cyanide-forming)
rxn04712_c	naphthyl-2-methylsuccinate_synthase
rxn05371_c	8-methyl-decanoyl-ACP:malonyl-[acyl-carrier-protein]_C-acyltransferase_(decarboxylating)
rxn04794_c	propanoyl-CoA:formate_C-propanoyltransferase
rxn07584_c	ATP:lipoate_adenylyltransferase
rxn01717_c	S-Adenosyl-L-methionine:tyramine_N-methyltransferase
rxn00182_c	L-glutamate:NAD+_oxidoreductase_(deaminating)
rxn01119_c	UDP-galactose:undecaprenyl-phosphate_galactose_phosphotransferase
rxn00532_c	3-oxopropanoate:NADP+_oxidoreductase_(CoA-malonylating)
rxn05172_c	ATP_phosphohydrolase_(taurine-importing)
rxn00132_c	Adenosine_5'-monophosphate_phosphohydrolase
rxn07622_c	dihydrophloroglucinol_hydrolase
rxn02819_c	S-Adenosyl-L-methionine:16-methoxy-2,3-dihydro-3-hydroxytabersonine_N-methyltransferase
rxn01479_c	CTP:ethanolamine-phosphate_cytidylyltransferase
rxn08615_c	glycogen_synthase_(ADPGlc)
rxn08815_c	Lysophospholipase_L1_(2-acylglycerophosphoglycerol,_n-C18:0)_(periplasm)
rxn00126_c	ATP:L-methionine_S-adenosyltransferase
rxn06905_c	TCOA_hydrolase
rxn02584_c	N-Methylhexanamide_amidohydrolase
rxn08306_c	CDP-diacylglycerol_synthetase_(n-C12:0)
rxn08821_c	Lysophospholipase_L2_(2-acylglycerophosphotidate,_n-C16:1)
rxn01871_c	acetyl-CoA:enzyme_N6-(dihydrolipoyl)lysine_S-acetyltransferase
rxn00405_c	L-arginine_carboxy-lyase_(agmatine-forming)
rxn14301_c	L-arginine:taurine_amidinotransferase
rxn00299_c	GTP_7,8-8,9-dihydrolase
rxn01132_c	Maltose:phosphate_1-beta-D-glucosyltransferase
rxn04737_c	2-naphthaldehyde_dehydrogenase
rxn05735_c	aldehyde_dehydrogenase_(aminoacetaldehyde,_NAD)
rxn03921_c	aldehyde_dehydrogenase_[EC:1.2.1.-]
rxn02484_c	ATP:4-amino-5-hydroxymethyl-2-methylpyrimidine_5-phosphotransferase
rxn05671_c	D-xylose_transport_in_via_proton_symport
rxn03618_c	formaldehyde:NAD+_oxidoreductase_(mycothiol-formylating)
rxn01133_c	Acetyl-CoA:maltose_O-acetyltransferase
rxn10321_c	isotetradecanoyl-lipoteichoic_acid_synthesis_(n=24),_unlinked,_D-alanine_substituted
rxn01000_c	prephenate_hydro-lyase_(decarboxylating;_phenylpyruvate-forming)
rxn00363_c	Cytidine-5'-monophosphate_phosphohydrolase
rxn01281_c	(R)-Glycerate:NADP+_oxidoreductase
rxn01074_c	UTP:alpha-D-xylose-1-phosphate_uridylyltransferase
rxn01670_c	Nicotinamide_ribonucleotide_phosphohydrolase
rxn03642_c	4-hydroxybutanoyl-CoA_hydro-lyase
rxn02522_c	2',3'-Cyclic_UMP_3'-nucleotidohydrolase
rxn05183_c	D-methionine_transport_via_ABC_system
rxn01300_c	ATP:L-homoserine_O-phosphotransferase
rxn03886_c	D-sorbitol-6-phosphate:NAD_2-oxidoreductase
rxn00786_c	D-fructose-1,6-bisphosphate_D-glyceraldehyde-3-phosphate-lyase_(glycerone-phosphate-forming)
rxn14054_c	trans-3-Chloro-2-propene-1-ol:NAD+_oxidoreductase
rxn03908_c	ATP:4-(Cytidine_5'-diphospho)-2-C-methyl-D-erythritol_2-phosphotransferase
rxn01100_c	ATP:3-phospho-D-glycerate_1-phosphotransferase
rxn00838_c	IMP:L-aspartate_ligase_(GDP-forming)
rxn02283_c	5-Formyltetrahydrofolate:L-glutamate_N-formiminotransferase
rxn05396_c	9-methyl-decanoyl-ACP:malonyl-[acyl-carrier-protein]_C-acyltransferase_(decarboxylating)
rxn00831_c	Inosine_5'-monophosphate_phosphohydrolase
rxn03721_c	Parathion_hydrolase
rxn00748_c	glycerone-phosphate_phosphate-lyase_(methylglyoxal-forming)
rxn01255_c	5-O-(1-Carboxyvinyl)-3-phosphoshikimate_phosphate-lyase_(chorismate-forming)
rxn05872_c	Secondary
rxn04727_c	1-naphthaldehyde_dehydrogenase
rxn00776_c	uracil_hydro-lyase_(adding_D-ribose_5-phosphate;pseudouridine-5'-phosphate-forming)
rxn05485_c	N-Acetyl-D-glucosamine_transport_via_PEP:Pyr_PTS
rxn14089_c	cis-3-chloro-2-propene-1-ol:NAD+_oxidoreductase
rxn00214_c	UDP-glucose_4-epimerase
rxn10114_c	formate_dehydrogenase_(quinone-8:_2_protons)
rxn01211_c	5,10-Methenyltetrahydrofolate_5-hydrolase_(decyclizing)
rxn05496_c	Amino_acid_transporter_(ala-L)
rxn00109_c	ammonia:NAD+_oxidoreductase
rxn00527_c	L-tyrosine:2-oxoglutarate_aminotransferase
rxn01215_c	3-phospho-D-glyceroyl-phosphate:alpha-D-glucose-1-phosphate_6-phosphotransferase
rxn03537_c	Adenosyl_cobinamide_phosphate_guanyltransferase
rxn10279_c	isohexadecanoyl-UDP-glucosyltransferase_(diglucosyl)
rxn04270_c	cis-2-Methyl-5-isopropylhexa-2,5-dienal_dehydrogenase
rxn01654_c	5-Formiminotetrahydrofolate_ammonia-lyase_(cyclizing)
rxn10276_c	isotetradecanoyl-UDP-glucosyltransferase_(diglucosyl)
rxn11838_c	4-hydroxy-5-phenyltetrahydro-1,3-oxazin-2-one:NAD+_oxidoreductase
rxn01917_c	ATP:N-acetyl-L-glutamate_5-phosphotransferase
rxn01951_c	ATP:N-acyl-D-mannosamine_6-phosphotransferase
rxn10271_c	palmitoyl-UDP-glucosyltransferase_(diglucosyl)
rxn10282_c	stearoyl-UDP-glucosyltransferase_(monoglucosyl)
rxn01509_c	ATP:dGMP_phosphotransferase
rxn01548_c	guanosine:phosphate_alpha-D-ribosyltransferase
rxn01145_c	Thymidylate_5'-phosphohydrolase
rxn02548_c	S-Adenosyl-L-methionine:5,7,4'-trihydroxyflavone_4'-O-methyltransferase
rxn05202_c	Xanthine_ion-coupled_transport;
rxn02115_c	(R)-Acetoin_racemase
rxn08352_c	(E)-4-hydroxy-3-methylbut-2-en-1-yl_diphosphate_reductase
rxn00187_c	L-Glutamate:ammonia_ligase_(ADP-forming)
rxn00376_c	N-Formyl-L-aspartate_amidohydrolase
rxn08850_c	Lysophospholipase_L2_(2-acylglycerophosphoglycerol,_n-C18:0)
rxn00500_c	(R)-Lactate:NAD+_oxidoreductase
rxn05734_c	aldehyde_dehydrogenase_(glyoxylate,_NAD)
rxn00772_c	ATP:D-ribose_5-phosphotransferase
rxn02229_c	3-Mercaptopyruvate:cyanide_sulfurtransferase
rxn00546_c	D-Mannitol-1-phosphate:NAD+_5-oxidoreductase
rxn02503_c	ATP:2-amino-4-hydroxy-6-hydroxymethyl-7,8-dihydropteridine_6'-pyrophosphotransferase
rxn03135_c	Imidazole_glycerol_phosphate_synthase_amidotransferase
rxn01345_c	Sedoheptulose_1,7-bisphosphate_1-phosphohydrolase
rxn05429_c	12-methyl-tridecanoyl-ACP:malonyl-[acyl-carrier-protein]_C-acyltransferase_(decarboxylating)
rxn05645_c	riboflavin_transport_in_via_proton_symport
rxn08310_c	CDP-diacylglycerol_synthetase_(n-C16:1)
rxn00915_c	GMP:diphosphate_5-phospho-alpha-D-ribosyltransferase
rxn03837_c	aryldialkylphosphatase
rxn02853_c	Imidazole_acetaldehyde:NAD+_oxidoreductase
rxn01967_c	beta-D-Glucose_1-phosphate_1,6-phosphomutase
rxn06752_c	neuraminidase
rxn10224_c	anteisopentadecanoyl-phosphatidate_cytidylyltransferase
rxn01135_c	Oxalate:CoA_ligase_(AMP-forming)
rxn01653_c	5-Formyltetrahydrofolate_cyclo-ligase_(ADP-forming)
rxn00474_c	L-serine_hydro-lyase_(adding_indole;_L-tryptophan-forming)
rxn03147_c	1-(5-Phosphoribosyl)-5-amino-4-carboxyimidazole:L-aspartate_ligase_(ADP-forming)
rxn03843_c	Farnesyl_diphosphate:Isopentenyl_diphosphate_farnesyl_cistransferase
rxn11809_c	alcophosphamide:NAD+_oxidoreductase
rxn01116_c	D-Ribulose-5-phosphate_3-epimerase
rxn00606_c	alpha,alpha-Trehalose-6-phosphate_phosphoglucohydrolase
rxn02182_c	beta-alanyl-CoA_ammonia-lyase_(acryloyl-CoA-forming)
rxn02811_c	3-Isopropylmalate_hydro-lyase
rxn03062_c	3-Isopropylmalate:NAD+_oxidoreductase
rxn10258_c	isohexadecanoyl-Diacylglycerol_kinase
rxn08847_c	Lysophospholipase_L2_(2-acylglycerophosphoglycerol,_n-C14:1)
rxn01544_c	XMP:pyrophosphate_phosphoribosyltransferase
rxn00863_c	L-histidinal:NAD+_oxidoreductase
rxn09113_c	Phosphatidylglycerol_synthase_(n-C18:0)
rxn00711_c	UMP:diphosphate_phospho-alpha-D-ribosyltransferase
rxn10316_c	palmitoyl-lipoteichoic_acid_synthesis_(n=24),_unlinked,_D-alanine_substituted
rxn01270_c	L-arogenate:2-oxoglutarate_aminotransferase
rxn00908_c	glycine_synthase
rxn08299_c	diacylglycerol_kinase_(n-C18:0)
rxn01138_c	Adenosine:phosphate_alpha-D-ribosyltransferase
rxn14090_c	dimethylallyl-diphosphate:leachianone-G_2''-dimethylallyltransferase
rxn02402_c	Nicotinate-nucleotide:pyrophosphate_phosphoribosyltransferase_(carboxylating)
rxn10324_c	isohexadecanoyl-lipoteichoic_acid_synthesis_(n=24),_unlinked,_D-alanine_substituted
rxn05452_c	14-methyl-hexa-decanoyl-ACP:[acyl-carrier-protein]_transferase
rxn01607_c	ATP:(R)-mevalonate_5-phosphotransferase
rxn05465_c	Malonyl-CoA:[acyl-carrier-protein]_S-malonyltransferase
rxn08820_c	Lysophospholipase_L2_(2-acylglycerophosphotidate,_n-C16:0)
rxn05494_c	D-alanine_transport_via_proton_symport
rxn05347_c	Acyl-[acyl-carrier-protein]:malonyl-[acyl-carrier-protein]_C-acyltransferase_(decarboxylating)
rxn04413_c	adenosylcobinamide_kinase
rxn00404_c	L-Arginine:glycine_amidinotransferase
rxn00145_c	(S)-Lactate:ferricytochrome-c_2-oxidoreductase
rxn05388_c	5-methyl-hexanoyl-ACP:malonyl-[acyl-carrier-protein]_C-acyltransferase_(decarboxylating)
rxn14287_c	acetyl-CoA:pseudotropine_O-acetyltransferase
rxn01404_c	gamma-L-glutamyl-L-cysteinyl-glycine:spermidine_amidase
rxn01870_c	D-Fructose_1-phosphate_D-glyceraldehyde-3-phosphate-lyase
rxn01303_c	Acetyl-CoA:L-homoserine_O-acetyltransferase
rxn04736_c	(2-naphthyl)methanol:NAD+_oxidoreductase
rxn03489_c	galactitol-1-phosphate:NAD+_oxidoreductase
rxn00297_c	UDP-N-acetyl-D-glucosamine_2-epimerase
rxn02131_c	Sepiapterin_aminohydrolase
rxn06023_c	CoA:apo-[acyl-carrier-protein]_pantetheinephosphotransferase
rxn03481_c	Arbutin_6-phosphate_glucohydrolase
rxn00611_c	sn-Glycerol-3-phosphate:NAD+_2-oxidoreductase
rxn05919_c	Acyl-CoA:glycerone-phosphate_O-acyltransferase
rxn00832_c	IMP_1,2-hydrolase_(decyclizing)
rxn05871_c	primary
rxn01106_c	2-Phospho-D-glycerate_2,3-phosphomutase
rxn00690_c	Formate:tetrahydrofolate_ligase_(ADP-forming)
rxn00931_c	L-Proline:NADP+_5-oxidoreductase
rxn02418_c	myo-inositol-hexakisphosphate_4-phosphohydrolase
rxn08756_c	isopentenyl-diphosphate:NAD+_oxidoreductase
rxn09450_c	fatty-acid--CoA_ligase_(hexadecenoate),_peroxisomal
rxn00938_c	Nicotinamide_amidohydrolase
rxn05527_c	TRANS-RXN-199.ce
rxn00412_c	UTP:L-glutamine_amido-ligase_(ADP-forming)
rxn10275_c	anteisoheptadecanoyl-UDP-glucosyltransferase_(diglucosyl)
rxn02339_c	4-Hydroxy-L-glutamate:2-oxoglutarate_aminotransferase
rxn00787_c	D-tagatose_1,6-bisphosphate_D-glyceraldehyde-3-phosphate-lyase_(glycerone-phosphate-forming)
rxn02737_c	UDPglucosamine_4-epimerase
rxn04604_c	(2E,4Z)-2-hydroxy-6-oxona-2,4-dienedioate_succinylhydrolase
rxn08846_c	Lysophospholipase_L2_(2-acylglycerophosphoglycerol,_n-C14:0)
rxn03005_c	N2-Formyl-N1-(5-phospho-D-ribosyl)glycinamide_formyltransferase
rxn03437_c	(R)-2,3-Dihydroxy-3-methylpentanoate_hydro-lyase
rxn00552_c	D-glucosamine-6-phosphate_aminohydrolase_(ketol_isomerizing)
rxn01639_c	N-Formimino-L-glutamate_formiminohydrolase
rxn05409_c	2-methylpropionyl-ACP:malonyl-[acyl-carrier-protein]_C-acyltransferase_(decarboxylating)
rxn00313_c	meso-2,6-diaminoheptanedioate_carboxy-lyase_(L-lysine-forming)
rxn00735_c	(2R,3S)-3-methylmalate:NAD+_oxidoreductase
rxn00775_c	ADP-ribose_ribophosphohydrolase
rxn02680_c	Octanoyl-CoA:acetyl-CoA_C-acyltransferase
rxn05363_c	4-methyl-hexanoyl-ACP:malonyl-[acyl-carrier-protein]_C-acyltransferase_(decarboxylating)
rxn00547_c	ATP:D-fructose_6-phosphotransferase
rxn00505_c	Isocitrate:NAD+_oxidoreductase_(decarboxylating)
rxn08647_c	ATP:(R)-glycerate_2-phosphotransferase
rxn10168_c	K(+)-importing_ATPase
rxn03366_c	Dihydroxypicolinate_oxidoreductase
rxn02421_c	CTP:N-methylethanolamine-phosphate_cytidylyltransferase
rxn07879_c	3-hydroxy-3-(4-methylpent-3-en-1-yl)glutaryl-CoA_acetate-lyase_(7-methyl-3-oxooct-6-enoyl-CoA-forming)
rxn08025_c	Arbutin_6-phosphate_glucohydrolase
rxn02895_c	5-Phospho-D-ribosylamine:glycine_ligase_(ADP-forming)
rxn10283_c	isoheptadecanoyl-UDP-glucosyltransferase_(monoglucosyl)
rxn00189_c	L-Glutamine_amidohydrolase
rxn00543_c	ethanol:NAD+_oxidoreductase
rxn09992_c	6-phospho-beta-glucosidase
rxn00420_c	O-phospho-L-serine_phosphohydrolase
rxn06205_c	urate-3-ribonucleoside:phosphate_D-ribosyltransferase
rxn04045_c	sirohydrochlorin_cobalt-lyase
rxn09657_c	Thiamine_transporter
rxn10253_c	isoheptadecanoyl-Diacylglycerol_kinase
rxn10221_c	anteisoheptadecanoyl-phosphatidate_cytidylyltransferase
rxn02792_c	gamma-glutamyltranspeptidase_family_protein
rxn05451_c	12-methyl-tetra-decanoyl-ACP:[acyl-carrier-protein]_transferase
rxn00469_c	N2-Acetyl-L-ornithine_amidohydrolase
rxn02804_c	myristoyl-CoA:acetylCoA_C-myristoyltransferase
rxn05005_c	S-adenosyl-L-methionine:uroporphyrinogen-III_C-methyltransferase
rxn02795_c	Glycochenodeoxycholate_amidohydrolase
rxn09996_c	teichuronic_acid_(n=45),_unlinked,_GalNAc-GlcA_repeated
rxn00048_c	6,7-Dimethyl-8-(1-D-ribityl)lumazine:6,7-dimethyl-8-(1-D-ribityl)lumazine_2,3-butanediyltransferase
rxn07876_c	citronellal_dehydrogenase
rxn12191_c	Choline_monooxygenase_(NADP)
rxn05231_c	2'-Deoxyadenosine_5'-diphosphate:oxidized-thioredoxin_2'-oxidoreductase
rxn00283_c	alanine_racemase
rxn08851_c	Lysophospholipase_L2_(2-acylglycerophosphoglycerol,_n-C18:1)
rxn02155_c	ATP:nicotinamide-nucleotide_adenylyltransferase
rxn05549_c	monosaccharide-transporting_ATPase
rxn02228_c	3-Mercaptolactate:NAD+_oxidoreductase
rxn05170_c	TRANS-RXNAVI-26732.ce.brachyexp.CPD-3609
rxn02475_c	2,5-Diamino-6-hydroxy-4-(5-phosphoribosylamino)-pyrimidine_2-aminohydrolase
rxn00575_c	sucrose_glucohydrolase
rxn05460_c	3-Oxooctodecanoyl-ACP:malonyl-[acyl-carrier-protein]_C-acyltransferase_(decarboxylating)
rxn03108_c	ATP:4-amino-2-methyl-5-phosphomethylpyrimidine_phosphotransferase
rxn07449_c	3-sulfolactate_bisulfite-lyase
rxn01018_c	carbamoyl-phosphate:L-aspartate_carbamoyltransferase
rxn00714_c	P1,P4-bis(5'-uridyl)-tetraphosphate_uridylohydrolase
rxn05236_c	2'-Deoxyuridine_5'-triphosphate:oxydized-thioredoxin_2'-oxidoreductase
rxn01201_c	4-Hydroxybutanoate:NAD+_oxidoreductase
rxn00124_c	ATP:pyridoxal_5'-phosphotransferase
rxn08793_c	L-Lactate_dehydrogenase_(menaquinone)
rxn00947_c	Palmitate:CoA_ligase_(AMP-forming)
rxn00440_c	ATP:thiamine_diphosphotransferase
rxn02789_c	2-Isopropylmalate_hydro-lyase
rxn03666_c	2-hydroxy-6-oxo-(2'-aminophenyl)-hexa-2,4-dienoate_benzoylhydrolase
rxn00988_c	Acetoacetate:CoA_ligase_(AMP-forming)
rxn01600_c	Cyclohexylamine:oxygen_oxidoreductase_(deaminating)
rxn05455_c	12-methyl-tridecanoyl-ACP:[acyl-carrier-protein]_transferase
rxn01506_c	N-Acetyl-D-glucosamine_6-phosphate_2-epimerase
rxn00410_c	UTP:ammonia_ligase_(ADP-forming)
rxn01333_c	sedoheptulose-7-phosphate:D-glyceraldehyde-3-phosphate_glyceronetransferase
rxn10257_c	anteisopentadecanoyl-Diacylglycerol_kinase
rxn06394_c	neuraminidase
rxn12510_c	ATP:pantothenate_4'-phosphotransferase
rxn00151_c	ATP:pyruvate,phosphate_phosphotransferase
rxn03933_c	UDP-N-acetyl-D-glucosamine:N-acetyl-alpha-D-muramyl(oyl-L-Ala-gamma-D-Glu-L-Lys-D-Ala-D-Ala)-diphosphoundecaprenol_4-beta-N-acetylglucosaminlytransferase
rxn04780_c	N-cyclopropylammeline_deaminase
rxn00414_c	hydrogen-carbonate:L-glutamine_amido-ligase_(ADP-forming,_carbamate-phosphorylating)
rxn09110_c	Phosphatidylglycerol_synthase_(n-C14:1)
rxn05594_c	Isethionate_transport_via_ABC_system
rxn05349_c	acetyl-CoA:[acyl-carrier-protein]_S-acetyltransferase
rxn00303_c	ATP:GTP_3'-diphosphotransferase
rxn01977_c	alpha-D-Glucose_6-phosphate_ketol-isomerase
rxn01073_c	sn-Glycero-3-phosphoethanolamine_glycerophosphohydrolase
rxn02405_c	CTP:3-deoxy-D-manno-octulosonate_cytidylyltransferase
rxn00011_c	pyruvate:thiamin_diphosphate_acetaldehydetransferase_(decarboxylating)
rxn01986_c	2-deoxy-D-ribose_1-phosphate_1,5-phosphomutase
rxn02200_c	2-amino-4-hydroxy-6-hydroxymethyl-7,8-dihydropteridine:4-aminobenzoate_2-amino-4-hydroxydihydropteridine-6-methenyltransferase
rxn01069_c	O-phospho-L-homoserine_phosphate-lyase_(adding_water;L-threonine-forming)
rxn10323_c	anteisopentadecanoyl-lipoteichoic_acid_synthesis_(n=24),_unlinked,_D-alanine_substituted
rxn08783_c	D-lactate_dehydrogenase
rxn08975_c	dihydronicotinamide_adenine_dinucleotide-coenzyme_Q_reductase
rxn01646_c	N-Ribosylnicotinamide:orthophosphate_ribosyltransferase
rxn00105_c	ATP:nicotinamide-nucleotide_adenylyltransferase
rxn03243_c	Decanoyl-CoA:acetyl-CoA_C-acyltransferase
rxn03446_c	O-Phospho-4-hydroxy-L-threonine_phospho-lyase_(adding_water)
rxn01302_c	L-homoserine:NADP+_oxidoreductase
rxn00607_c	Maltose-6'-phosphate_6-phosphoglucohydrolase
rxn00490_c	L-arogenate_hydro-lyase_(decarboxylating;_L-phenylalanine-forming)
rxn03486_c	2-hydroxymuconic_semi-aldehyde_(m-xylene)
rxn00223_c	D-glucose_aldose-ketose-isomerase
rxn00784_c	2-deoxy-D-ribose-5-phosphate_acetaldehyde-lyase_(D-glyceraldehyde-3-phosphate-forming)
rxn01537_c	Thiamin_hydrolase
rxn00328_c	4-hydroxy-2-oxoglutarate_glyoxylate-lyase_(pyruvate-forming)
rxn02285_c	UDP-N-acetylmuramate:NADP+_oxidoreductase
rxn05663_c	L-tryptophan_reversible_transport_via_proton_symport
rxn00559_c	D-mannose-6-phosphate_aldose-ketose-isomerase
rxn08848_c	Lysophospholipase_L2_(2-acylglycerophosphoglycerol,_n-C16:0)
rxn08840_c	Lysophospholipase_L2_(2-acylglycerophosphoethanolamine,_n-C14:1)
rxn07609_c	2-hydroxy-6-oxo-6-(2-carboxyphenyl)-hexa-2,4-dienoate_hydrolase
rxn03907_c	CTP:_2-C-Methyl-D-erythritol_4-phosphate_cytidylyltransferase
rxn01987_c	Ribokinase
rxn03538_c	Adenosylcobalamin_5-phosphate_synthase
rxn09310_c	thiazole_phosphate_synthesis
rxn02834_c	Phosphoribosyl-ATP_pyrophosphohydrolase
rxn01213_c	Geranyl-diphosphate_synthase
rxn09953_c	acetyl-CoA:acetoin_O-acetyltransferase
rxn00459_c	2-phospho-D-glycerate_hydro-lyase_(phosphoenolpyruvate-forming)
rxn10274_c	isoheptadecanoyl-UDP-glucosyltransferase_(diglucosyl)
rxn04032_c	cyclic-imide_amidohydrolase_(decyclicizing)
rxn00770_c	ATP:D-ribose-5-phosphate_diphosphotransferase
rxn05902_c	sulphite_reductase
rxn05209_c	Sodium_hydrogen_symporter
rxn06377_c	glycine:lipoylprotein_oxidoreductase_(decarboxylating_and_acceptor-aminomethylating)
rxn05059_c	dCTP_aminohydrolase_(dUMP-forming)
rxn04238_c	4-isopropenyl-2-ketocyclohexane-1-carboxyl-CoA_hydrolase
rxn01366_c	Uridine:phosphate_alpha-D-ribosyltransferase
rxn01208_c	2-Oxo-4-methyl-3-carboxypentanoate_decarboxylation
rxn01647_c	Nicotinate_D-ribonucleoside:orthophosphate_ribosyltransferase
rxn10474_c	cobalt_(Co+2)_transport_via_diffusion_(extracellular_to_periplasm)
rxn00260_c	L-Aspartate:2-oxoglutarate_aminotransferase
rxn07454_c	(Z)-phenylacetaldehyde-oxime_hydro-lyase
rxn00461_c	Phosphoenolpyruvate:UDP-N-acetyl-D-glucosamine_1-carboxyvinyl-transferase
rxn10473_c	chloride_(Cl-1)_transport_via_diffusion_(extracellular_to_periplasm)
rxn00181_c	ATP:L-glutamate_1-phosphotransferase
rxn03856_c	Galactitol-1-phosphate:NAD_oxidoreductase
rxn00858_c	Agmatine_amidinohydrolase
rxn03136_c	1-(5'-Phosphoribosyl)-5-amino-4-(N-succinocarboxamide)-imidazole_AMP-lyase
rxn05287_c	geranylgeranyl-diphosphate:isopentenyl-diphosphate_transtransferase
rxn02937_c	2-(Formamido)-N1-(5-phosphoribosyl)acetamidine_cyclo-ligase_(ADP-forming)
rxn03467_c	neuraminidase
rxn01652_c	S-Aminomethyldihydrolipoylprotein:(6S)-tetrahydrofolate_aminomethyltransferase_(ammonia-forming)
rxn03137_c	10-Formyltetrahydrofolate:5'-phosphoribosyl-5-amino-4-imidazolecarboxamide_formyltransferase
rxn08818_c	Lysophospholipase_L2_(2-acylglycerophosphotidate,_n-C14:0)
rxn00992_c	(R)-3-Hydroxybutanoate:NAD+_oxidoreductase
rxn08312_c	CDP-diacylglycerol_synthetase_(n-C18:1)
rxn00952_c	O-acetyl-L-homoserine:hydrogen_sulfide_S-(3-amino-3-carboxypropyl)transferase
rxn01396_c	ATP:pyridoxine_5'-phosphotransferase
rxn00161_c	(S)-Malate:NADP+_oxidoreductase(oxaloacetate-decarboxylating)
rxn01961_c	Xanthosine_5'-phosphate_phosphohydrolase
rxn01517_c	ATP:dUMP_phosphotransferase
rxn06750_c	alpha-N-acetylneuraminate_alpha-2,8-sialyltransferase
rxn09978_c	beta-glucosidase_(methyl-alpha-D-glucoside)
rxn01807_c	ATP:pyridoxal_5'-phosphotransferase
rxn05006_c	S-adenosyl-L-methionine:precorrin-1_C-methyltransferase
rxn01800_c	Deoxycytidine_aminohydrolase
rxn02107_c	salicylaldehyde:NAD+_oxidoreductase
rxn08309_c	CDP-diacylglycerol_synthetase_(n-C16:0)
rxn05379_c	12-methyl-tetra-decanoyl-ACP:malonyl-[acyl-carrier-protein]_C-acyltransferase_(decarboxylating)
rxn08655_c	Glycolate_oxidase
rxn03841_c	4-amino-4-deoxychorismate_pyruvate-lyase
rxn04954_c	5-methyltetrahydrofolate:NAD+_oxidoreductase
rxn04113_c	isopentenyl-diphosphate:NAD(P)+_oxidoreductase
rxn00676_c	acetyl-CoA:propanoyl-CoA_2-C-acetyltransferase
rxn05551_c	ethanolamine_transport_in/out_via_proton_symport
rxn05599_c	cysteate_transport_via_ABC_system
rxn01257_c	chorismate:L-glutamine_aminotransferase
rxn00980_c	2-Phosphoglycolate_phosphohydrolase
rxn01648_c	Cytidine:orthophosphate_alpha-D-ribosyltransferase
rxn01216_c	3-phospho-D-glycerate_1,2-phosphomutase
rxn02213_c	3-Dehydroquinate_hydro-lyase
rxn03365_c	Dihydroxypicolinate_oxidoreductase
rxn03892_c	all-trans-hexaprenyl-diphosphate_synthase
rxn05454_c	15-methyl-hexa-decanoyl-ACP:[acyl-carrier-protein]_transferase
rxn01127_c	ATP:dAMP_phosphotransferase
rxn01461_c	L-Arginine:4-aminobutanoate_amidinotransferase
rxn04908_c	trichloroethanol:NAD+_oxidoreductase
rxn00615_c	ATP:glycerol_3-phosphotransferase
rxn02521_c	2',3'-Cyclic_AMP_3'-nucleotidohydrolase
rxn07493_c	GDP-L-galactose_phosphorylase
rxn00569_c	Nitrite_reductase_(NAD(P)H)
rxn01626_c	5,6-Dihydrouracil_amidohydrolase
rxn06735_c	CMP-N-acetylneuraminate:alpha-N-acetylneuraminyl-2,3-beta-D-galactoside_alpha-2,8-N-acetylneuraminyltransferase
rxn03483_c	2',3'-Cyclic_GMP_3'-nucleotidohydrolase
rxn10191_c	D-alanine-poly(phosphoribitol)_ligase
rxn01265_c	Nicotinate_D-ribonucleotide:diphosphate_phosphoribosyltransferase
rxn00874_c	butanoyl-CoA:acetyl-CoA_C-butanoyltransferase
rxn00834_c	IMP:NAD+_oxidoreductase
rxn00704_c	alpha-D-Glucose_1-phosphate_1,6-phosphomutase
rxn01459_c	4-Aminobutyraldehyde:NAD+_oxidoreductase
rxn03641_c	acetyl-CoA:_4-hydroxybutanoate_CoA_transferase
rxn02171_c	Vinylacetyl-CoA_delta3-delta2-isomerase
rxn01671_c	ATP:N-ribosylnicotinamide_5'-phosphotransferase
rxn02362_c	cyclic_2,3-diphosphoglycerate_synthase
rxn05313_c	phosphate_transport_in/out_via_three_Na+_symporter
rxn01905_c	cysteine_sulfinic_acid_deaminase
rxn07673_c	hydroxycinnamoyl-CoA:anthocyanidin_3,5-diglucoside_5-O-glucoside-6'''-O-hydroxycinnamoyltransferase
rxn01332_c	Phosphoenolpyruvate:D-erythrose-4-phosphate_C-(1-carboxyvinyl)transferase_(phosphate_hydrolysing,_2-carboxy-2-oxoethyl-forming)
rxn10273_c	stearoyl-UDP-glucosyltransferase_(diglucosyl)
rxn01530_c	retinol:NAD+_oxidoreductase
rxn00785_c	D-Fructose_6-phosphate:D-glyceraldehyde-3-phosphate_glycolaldehyde_transferase
rxn00693_c	5-Methyltetrahydrofolate:L-homocysteine_S-methyltransferase
rxn03909_c	1-Deoxy-D-xylulose-5-phosphate_pyruvate-lyase_(carboxylating)
rxn01101_c	3-Phospho-D-glycerate:NAD+_2-oxidoreductase
rxn06094_c	Dextrin_6-alpha-D-glucanohydrolase
rxn00355_c	UTP:alpha-D-galactose-1-phosphate_uridylyltransferase
rxn02900_c	(2-Aminoethyl)phosphonate:pyruvate_aminotransferase
rxn03084_c	5'-Phosphoribosylformylglycinamide:L-glutamine_amido-ligase_(ADP-forming)
rxn06600_c	S-aminomethyldihydrolipoylprotein:(6S)-tetrahydrofolate_aminomethyltransferase_(ammonia-forming)
rxn06728_c	CMP-N-acetylneuraminate:alpha-N-acetylneuraminyl-2,3-beta-D-galactoside_alpha-2,8-N-acetylneuraminyltransferase
rxn02005_c	trehalose_transport_via_PEP:Pyr_PTS
rxn08808_c	Lysophospholipase_L1_(2-acylglycerophosphoethanolamine,_n-C18:0)_(periplasm)
rxn00558_c	D-glucose-6-phosphate_aldose-ketose-isomerase
rxn00346_c	L-aspartate_1-carboxy-lyase_(beta-alanine-forming)
rxn04726_c	1-hydroxymethylnaphthalene:NAD+_oxidoreductase
rxn00550_c	beta-D-fructose-2,6-bisphosphate_2-phosphohydrolase
rxn07841_c	2-Isopentenyl-diphosphate:ATP_delta2-isopentenyltransferase
rxn01859_c	Deoxyadenosine:orthophosphate_ribosyltransferase
rxn00194_c	L-glutamate_1-carboxy-lyase_(4-aminobutanoate-forming)
rxn05160_c	monosaccharide-transporting_ATPase
rxn10288_c	isohexadecanoyl-UDP-glucosyltransferase_(monoglucosyl)
rxn01851_c	4-aminobutanal:NAD+_1-oxidoreductase
rxn11834_c	2-phenyl-1,3-propanediol_monocarbamate:NAD+_oxidoreductase
rxn05201_c	TRANS-RXNBWI-115572.ce.maizeexp.HYPOXANTHINE
rxn09449_c	acyl-coenzyme_A_ligase
rxn02604_c	vicianin_beta-glucosidase
rxn03002_c	S-Methyl-3-phospho-1-thio-D-glycerate_phosphohydrolase
rxn00314_c	N2-(D-1-carboxylethyl)-L-lysine:NADP+_oxidoreductase_(L-lysine-forming)
rxn10280_c	palmitoyl-UDP-glucosyltransferase_(monoglucosyl)
rxn14138_c	Propanoyl-CoA:acetyl-CoA_C-acyltransferase
rxn05616_c	Magnesium_(+2)_transport_in_via_diffusion
rxn01507_c	2'-Deoxyadenosine_5'-monophosphate_phosphohydrolase
rxn01790_c	(R)-Pantoate:NADP+_2-oxidoreductase
rxn00077_c	ATP:NAD+_2'-phosphotransferase
rxn01388_c	isocitrate_hydro-lyase_(cis-aconitate-forming)
rxn03638_c	Acetyl-CoA:D-glucosamine-1-phosphate_N-acetyltransferase
rxn02897_c	Nicotinate-nucleotide:dimethylbenzimidazole_phospho-D-ribosyltransferase
rxn05126_c	4-(gamma-L-glutamylamino)butanal:NAD+_oxidoreductase
rxn01406_c	S-adenosylmethioninamine:putrescine_3-aminopropyltransferase
rxn01446_c	Deoxyguanosine:orthophosphate_ribosyltransferase
rxn01068_c	L-threonine:NAD+_oxidoreductase
rxn10223_c	isopentadecanoyl-phosphatidate_cytidylyltransferase
rxn04658_c	LysW-gamma-L-alpha-aminoadipate_6-semialdehyde:NADP+_6-oxidoreductase_(phosphorylating)
rxn10260_c	anteisoheptadecanoyl-CDPdiacylglycerol:sn-glycerol-3-phosphate_3-phosphatidyltransferase
rxn03915_c	2-formylbenzoate:NAD+_oxidoreductase
rxn00541_c	L-threonine_acetaldehyde-lyase_(glycine-forming)
rxn03075_c	ATP:4-methyl-5-(2-hydroxyethyl)-thiazole_2-phosphotransferase
rxn01368_c	Cytidine_aminohydrolase
rxn00134_c	ATP:adenosine_5'-phosphotransferase
rxn05233_c	2'-Deoxyguanosine_5'-diphosphate:oxidized-thioredoxin_2'-oxidoreductase
rxn09109_c	Phosphatidylglycerol_synthase_(n-C14:0)
rxn00141_c	S-Adenosyl-L-homocysteine_hydrolase
rxn05375_c	10-methyl-dodecanoyl-ACP:malonyl-[acyl-carrier-protein]_C-acyltransferase_(decarboxylating)
rxn14294_c	(2E,6E)-farnesyl-diphosphate_lyase_[(3E,6E)-alpha-farnesene-forming]
rxn01200_c	Sedoheptulose-7-phosphate:D-glyceraldehyde-3-phosphate_glycolaldehyde_transferase
rxn00186_c	5-oxo-L-proline_amidohydrolase_(ATP-hydrolysing)
rxn01241_c	Dihydrolipoamide:NAD+_oxidoreductase
rxn00859_c	L-Histidinol:NAD+_oxidoreductase
rxn07346_c	2,6-dihydroxypseudooxynicotinehydrolase
rxn04744_c	4-hydroxymethylsalicyaldehyde_dehydrogenase
rxn02185_c	2-Acetolactate_pyruvate-lyase_(carboxylating)
rxn00763_c	Glycerol:NAD+_oxidoreductase
rxn02473_c	D-erythro-1-(Imidazol-4-yl)glycerol_3-phosphate_hydro-lyase
rxn06060_c	Thiosulfate:thiol_sulfurtransferase
rxn08656_c	Glycolate_oxidase
rxn01434_c	L-Citrulline:L-aspartate_ligase_(AMP-forming)
rxn00912_c	5,10-Methylenetetrahydrofolate:3-methyl-2-oxobutanoate_hydroxymethyltransferase
rxn05644_c	D-ribose_transport_out_via_ABC_system
rxn12147_c	3D-(3,5/4)-Trihydroxycyclohexane-1,2-dione_acylhydrolase_(decyclizing)
rxn08819_c	Lysophospholipase_L2_(2-acylglycerophosphotidate,_n-C14:1)
rxn03849_c	biuret_amidohydrolase
rxn00122_c	ATP:FMN_adenylyltransferase
rxn02235_c	propane-1,3-diol:NAD+_1-oxidoreductase
rxn09979_c	beta-glucosidase
rxn06076_c	2'-Deoxycytidine_diphosphate:oxidized-thioredoxin_2'-oxidoreductase
rxn00985_c	ATP:propanoate_phosphotransferase
rxn14300_c	acyl-CoA:pseudotropine_O-acyltransferase
rxn08294_c	diacylglycerol_kinase_(n-C12:0)
rxn10259_c	isoheptadecanoyl-CDPdiacylglycerol:sn-glycerol-3-phosphate_3-phosphatidyltransferase
rxn01602_c	dihydrofolate:NADP+_oxidoreductase
rxn07720_c	hydroxycinnamoyl-CoA:anthocyanidin_3,5-diglucoside_5-O-glucoside-6'''-O-hydroxycinnamoyltransferase
rxn05223_c	Biotin_ABC_transporter
rxn05344_c	Tetradecanoyl-[acyl-carrier_protein]:malonyl-[acyl-carrier-protein]_C-acyltransferase_(decarboxylating)
rxn01521_c	2'-Deoxyuridine_5'-monophosphate_phosphohydrolase
rxn11759_c	5-fluorouridine_monophosphate:diphosphate_phospho-alpha-D-ribosyl-transferase
rxn05384_c	3-methylbutanoyl-ACP:malonyl-[acyl-carrier-protein]_C-acyltransferase_(decarboxylating)
rxn01649_c	Xanthosine:orthophosphate_ribosyltransferase
rxn03094_c	Glycodeoxycholate_amidohydrolase
rxn00085_c	L-Glutamate:NADP+_oxidoreductase_(transaminating)
rxn00119_c	ATP:UMP_phosphotransferase
rxn11749_c	5'-deoxy-5-fluorocytidine_aminohydrolase
rxn03873_c	6-oxocyclohex-1-ene-1-carbonyl-CoA_hydrolase_(decyclizing)
rxn04453_c	5-hydroxyisourate_amidohydrolase
rxn00608_c	6-phospho-beta-D-glucosyl-(1->4)-D-glucose_6-phosphoglucohydrolase
rxn09345_c	Undecaprenyl_diphosphate_synthase
rxn04454_c	isochorismate_pyruvate-lyase_(salicylate-forming)
rxn01466_c	Geranyl-diphosphate:isopentenyl-diphosphate_geranyltrans-transferase
rxn01304_c	Succinyl-CoA:L-homoserine_O-succinyltransferase
rxn00974_c	citrate_hydro-lyase_(cis-aconitate-forming)
rxn02008_c	UDP-N-acetylmuramoyl-L-alanine:D-glutamate_ligase(ADP-forming)
rxn05740_c	1,4-alpha-glucan-branching_enzyme
rxn03904_c	UDP-N-acetylmuramoyl-L-alanyl-gamma-D-glutamyl-meso-2,6-diaminopimeloyl-D-alanyl-D-alanine:undecaprenyl-phosphate_phospho-N-acetylmuramoyl-pentapeptide-transferase
rxn01225_c	Guanine_aminohydrolase
rxn07842_c	2-Isopentenyl-diphosphate:ADP_delta2-isopentenyltransferase
rxn00783_c	2-dehydro-3-deoxy-D-galactonate-6-phosphate_D-glyceraldehyde-3-phosphate-lyase_(pyruvate-forming)
rxn07885_c	citronellal_dehydrogenase
rxn08842_c	Lysophospholipase_L2_(2-acylglycerophosphoethanolamine,_n-C16:1)
rxn00778_c	D-Ribose_1,5-phosphomutase
rxn03901_c	undecaprenyl-diphosphate_phosphohydrolase
rxn01985_c	Deoxyinosine:orthophosphate_ribosyltransferase
rxn10052_c	adenylate_kinase_(Inorganic_triphosphate)
rxn07672_c	hydroxycinnamoyl-CoA:anthocyanidin_3,5-diglucoside_5-O-glucoside-6'''-O-hydroxycinnamoyltransferase
rxn00193_c	glutamate_racemase
rxn10272_c	myristoyl-UDP-glucosyltransferase_(diglucosyl)
rxn06760_c	neuraminidase
rxn05197_c	Uracil_permease
rxn00653_c	3-aminopropanal:NAD+_oxidoreductase
rxn00929_c	L-Proline:NAD+_5-oxidoreductase
rxn00342_c	L-Asparagine_amidohydrolase
rxn00256_c	acetyl-CoA:oxaloacetate_C-acetyltransferase_(thioester-hydrolysing)
rxn03644_c	D-arabino-hex-3-ulose-6-phosphate_isomerase
rxn03004_c	10-Formyltetrahydrofolate:5'-phosphoribosylglycinamide_formyltransferase
rxn00138_c	deamido-NAD+:ammonia_ligase_(AMP-forming)
rxn10286_c	isopentadecanoyl-UDP-glucosyltransferase_(monoglucosyl)
rxn02015_c	Taurocholate_amidohydrolase
rxn05054_c	adenosylcobyric_acid:(R)-1-aminopropan-2-ol_ligase_(ADP-forming)
rxn01858_c	Deoxyadenosine_aminohydrolase
rxn10770_c	Choline_dehydrogenase
rxn05421_c	8-methyl-nonanoyl-ACP:malonyl-[acyl-carrier-protein]_C-acyltransferase_(decarboxylating)
rxn01799_c	deoxyuridine:orthophosphate_2-deoxy-D-ribosyltransferase
rxn01485_c	D-Glucosamine_1-phosphate_1,6-phosphomutase
rxn02190_c	5,6-Dihydrothymine_amidohydrolase
rxn10281_c	myristoyl-UDP-glucosyltransferase_(monoglucosyl)
rxn09296_c	hydrogen_peroxide_reductase_(thioredoxin)
rxn00239_c	ATP:GMP_phosphotransferase
rxn10169_c	Lactose_hydrogen_symport
rxn00302_c	GTP_8,9-hydrolase
rxn02465_c	N-acetyl-L-glutamate-5-semialdehyde:NADP+_5-oxidoreductase_(phosphrylating)
rxn01791_c	(R)-Pantoate:beta-alanine_ligase_(AMP-forming)
rxn01710_c	Propane-1,3-diol:NAD+_1-oxidoreductase
rxn03333_c	3,4-dihydroxyphenylethyleneglycol:NAD+_oxidoreductase
rxn03465_c	Acylneuraminyl_hydrolase
rxn01329_c	D-mannose_6-phosphate_1,6-phosphomutase
rxn00950_c	Cystathionine_L-homocysteine-lyase_(deaminating)
rxn00002_c	urea-1-carboxylate_amidohydrolase
rxn00542_c	(S)-lactate_acetaldehyde-lyase_(formate-forming)
rxn10220_c	isoheptadecanoyl-phosphatidate_cytidylyltransferase
rxn10261_c	isotetradecanoyl-CDPdiacylglycerol:sn-glycerol-3-phosphate_3-phosphatidyltransferase
rxn01964_c	L-serine_hydro-lyase_[adding_1-C-(indol-3-yl)glycerol_3-phosphate;_L-tryptophan_and_glyceraldehyde-3-phosphate-forming]
rxn02341_c	N-[(R)-4'-Phosphopantothenoyl]-L-cysteine_carboxy-lyase
rxn01519_c	dUTP_nucleotidohydrolase
rxn01137_c	Adenosine_aminohydrolase
rxn01343_c	ATP:Sedoheptulose_7-phosphate_1-phosphotransferase
rxn10255_c	isotetradecanoyl-Diacylglycerol_kinase
rxn08797_c	Lysophospholipase_L1_(2-acylglycerophosphotidate,_n-C14:0)_(periplasm)
rxn00127_c	S-adenosyl-L-methionine_carboxy-lyase_[(5-deoxy-5-adenosyl)(3-aminopropyl)methylsulfonium-forming]
rxn05232_c	2'-Deoxyadenosine_5'-triphosphate:oxydized-thioredoxin_2'-oxidoreductase
rxn06759_c	alpha-N-acetylneuraminate_alpha-2,8-sialyltransferase
rxn09108_c	Phosphatidylglycerol_synthase_(n-C12:0)
rxn14293_c	dTDP-4-amino-4,6-dideoxy-D-glucose_ammonia-lyase_(dTDP-3-oxo-4,6-dideoxy-D-glucose-forming)
rxn01513_c	ATP:dTMP_phosphotransferase
rxn06510_c	Lauroyl-CoA:acetyl-CoA_C-acyltransferase
rxn08307_c	CDP-diacylglycerol_synthetase_(n-C14:0)
rxn02474_c	5-amino-6-(5-phosphoribitylamino)uracil:NADP+_1'-oxidoreductase
rxn02230_c	3-mercaptopyruvate:cyanide_sulfurtransferase
rxn06517_c	S-Alkyl-L-cysteine_S-oxide_alkyl-sulfenate-lyase
rxn08657_c	Glycolate_oxidase
rxn07448_c	geranyl-diphosphate_diphosphate-lyase_[(3R)-linalool-forming]
rxn01019_c	Carbamoyl-phosphate:L-ornithine_carbamoyltransferase
rxn08849_c	Lysophospholipase_L2_(2-acylglycerophosphoglycerol,_n-C16:1)
rxn09448_c	fatty-acid--CoA_ligase_(octadecenoate)
rxn08295_c	diacylglycerol_kinase_(n-C14:0)
rxn01603_c	7,8-dihydropteroate:L-glutamate_ligase_(ADP-forming)
rxn00055_c	S-adenosyl-L-methionine:S-adenosyl-L-methionine_3-amino-3-carboxypropyltransferase
rxn00686_c	5,6,7,8-tetrahydrofolate:NADP+_oxidoreductase
rxn00905_c	2-dehydropantoate_formaldehyde-lyase_(3-methyl-2-oxobutanoate-forming)
rxn05456_c	14-methyl-pentadecanoyl-ACP:[acyl-carrier-protein]_transferase
rxn09112_c	Phosphatidylglycerol_synthase_(n-C16:1)
rxn00157_c	Acetyl-CoA:formate_C-acetyltransferase
rxn03194_c	(S)-2-Aceto-2-hydroxybutanoate_pyruvate-lyase_(carboxylating)
rxn06075_c	2'-Deoxyuridine_5'-diphosphate:oxidized-thioredoxin_2'-oxidoreductase
rxn00689_c	Tetrahydrofolate:L-glutamate_gamma-ligase_(ADP-forming)
rxn01286_c	D-Glyceraldehyde:NAD+_oxidoreductase
rxn01236_c	ATP:butanoate_1-phosphotransferase
rxn05289_c	NADPH:oxidized-thioredoxin_oxidoreductase
rxn05343_c	Octanoyl-[acyl-carrier_protein]:malonyl-[acyl-carrier-protein]_C-acyltransferase_(decarboxylating)
rxn05425_c	10-methyl-undecanoyl-ACP:malonyl-[acyl-carrier-protein]_C-acyltransferase_(decarboxylating)
rxn05736_c	acyl-coenzyme_A_ligase
rxn01641_c	5-Formiminotetrahydrofolate:L-glutamate_N-formiminotransferase
rxn00493_c	L-Phenylalanine:2-oxoglutarate_aminotransferase
rxn00933_c	proline_racemase
rxn08298_c	diacylglycerol_kinase_(n-C16:1)
rxn01834_c	(R)-S-Lactoylglutathione_methylglyoxal-lyase_(isomerizing)
rxn00293_c	UTP:N-acetyl-alpha-D-glucosamine-1-phosphate_uridylyltransferase
rxn05383_c	3-methylbutanoyl-CoA:[acyl-carrier-protein]_transferase
rxn00741_c	2-Hydroxybutyrate:NAD+_oxidoreductase
rxn11584_c	aryldialkylphosphatase
EX_cpd01030_e	Salicin_exchange
EX_cpd00276_e	D-Glucosamine_exchange
EX_cpd00082_e	D-Fructose_exchange
EX_cpd00080_e	Glycerol-3-phosphate_exchange
EX_cpd00001_e	H2O_exchange
EX_cpd00023_e	L-Glutamate_exchange
EX_cpd00971_e	Na+_exchange
EX_cpd00314_e	D-Mannitol_exchange
EX_cpd00797_e	(R)-3-Hydroxybutanoate_exchange
EX_cpd00051_e	L-Arginine_exchange
EX_cpd00064_e	Ornithine_exchange
EX_cpd10515_e	Fe2+_exchange
EX_cpd00179_e	Maltose_exchange
EX_cpd00009_e	Phosphate_exchange
EX_cpd00060_e	L-Methionine_exchange
EX_cpd00076_e	Sucrose_exchange
EX_cpd01171_e	Dulcose_exchange
EX_cpd00067_e	H+_exchange
EX_cpd00154_e	Xylose_exchange
EX_cpd00637_e	D-Methionine_exchange
EX_cpd00122_e	N-Acetyl-D-glucosamine_exchange
EX_cpd00035_e	L-Alanine_exchange
EX_cpd00309_e	XAN_exchange
EX_cpd00220_e	Riboflavin_exchange
EX_cpd00588_e	Sorbitol_exchange
EX_cpd00117_e	D-Alanine_exchange
EX_cpd00307_e	Cytosine_exchange
EX_cpd00254_e	Mg_exchange
EX_cpd00205_e	K+_exchange
EX_cpd00138_e	D-Mannose_exchange
EX_cpd00305_e	Thiamin_exchange
EX_cpd01242_e	Thyminose_exchange
EX_cpd03048_e	Isethionate_exchange
EX_cpd00065_e	L-Tryptophan_exchange
EX_cpd00149_e	Co2+_exchange
EX_cpd00099_e	Cl-_exchange
EX_cpd00162_e	Aminoethanol_exchange
EX_cpd00395_e	L-Cysteate_exchange
EX_cpd00027_e	D-Glucose_exchange
EX_cpd00794_e	TRHL_exchange
EX_cpd00105_e	D-Ribose_exchange
EX_cpd00226_e	HYXN_exchange
EX_cpd00104_e	BIOT_exchange
EX_cpd00007_e	O2_exchange
EX_cpd00092_e	Uracil_exchange
EX_cpd00208_e	Lactose_exchange
EX_cpd00158_e	CELB_exchange
EX_cpd00011_e	CO2_exchange
EX_cpd00063_e	Ca2+_exchange
EX_cpd01080_e	ocdca_exchange
EX_cpd00156_e	L-Valine_exchange
EX_cpd00039_e	L-Lysine_exchange
EX_cpd00393_e	Folate_exchange
EX_cpd00264_e	Spermidine_exchange
EX_cpd00322_e	L-Isoleucine_exchange
EX_cpd00030_e	Mn2+_exchange
EX_cpd00516_e	meso-2,6-Diaminopimelate_exchange
rxn05669_c	Amino_acid_transporter_(val-L)
rxn05244_c	Branched_chain_amino_acid:H+_symporter_(Isoleucine)
EX_cpd00084_e	L-Cysteine_exchange
rxn05237_c	ATP_phosphohydrolase_(polar-amino-acid-importing)
EX_cpd00644_e	PAN_exchange
R03018_c	ATP:pantothenate_4-phosphotransferase
EX_cpd00263_e	Pyridoxol_exchange
COG3601_c	Pyridoxine_active_transporter
rxn05255_c	Folate_transport_via_proton_simport
rxn00799_c	Fumarate_hydratase
rxn08168_c	L-aspartate:fumarate_oxidoreductase_(deaminating)
rxn27328_c	Thymidine-orthophosphate_deoxyribosyltransferase
EX_cpd00232_e	Neu5Ac_exchange
rxn29571_c	Neu5Ac_H+_symporter
EX_cpd00492_e	N-Acetyl-D-mannosamine_exchange
rxn05486_c	N-Acetylmannosamine_H+_symporter
rxn01484_c	N-Acetyl-D-glucosamine-6-phosphate_amidohydrolase
EX_cpd00751_e	L-Fucose_exchange
rxn02262_c	ATP:6-deoxy-L-galactose_1-phosphotransferase
rxn01620_c	L-Fuculose-1-phosphate_lactaldehyde-lyase
rxn04937_c	Lactaldehyde:NAD+_oxidoreductase
EX_cpd05161_e	Melezitose_exchange
rxn12619_c	Melezitose_transport_via_proton_symport
rxn18524_c	ATP_phosphohydrolase_(disaccharide-importing)
ID010_c	Turanose_isomerization
EX_cpd00107_e	L-Leucine_exchange
rxn05243_c	L-Leucine_hydrogen_symport
EX_cpd00069_e	L-Tyrosine_exchange
rxn18579_c	L-Tyrosine_ABC_transport
EX_cpd00066_e	L-Phenylalanine_exchange
rxn18584_c	nonpolar-amino-acid-transporting_ATPase
EX_cpd00129_e	L-Proline_exchange
rxn05165_c	nonpolar-amino-acid-transporting_ATPase
EX_cpd00567_e	D-Proline_exchange
ENOG4108HXH_c	D-proline_sodium_symporter
EX_cpd29317_e	4-hydroxyproline_exchange
rxn05165_2_c	4-hydroxyproline_ABC_transporter
EX_cpd00033_e	Glycine_exchange
rxn10862_c	ATP_phosphohydrolase_(polar-amino-acid-importing)
rxn32054_c	4-Hydroxy-L-proline:NADP+_5-oxidoreductase
rxn05164_c	ATP_phosphohydrolase_(polar-amino-acid-importing)
EX_cpd00119_e	L-Histidine_exchange
rxn10144_c	ATP_phosphohydrolase_(polar-amino-acid-importing)
EX_cpd00132_e	L-Asparagine_exchange
rxn10883_c	ATP_phosphohydrolase_(polar-amino-acid-importing)
EX_cpd00054_e	L-Serine_exchange
rxn05169_c	ATP_phosphohydrolase_(polar-amino-acid-importing)
EX_cpd00161_e	L-Threonine_exchange
rxn05155_c	ATP_phosphohydrolase_(polar-amino-acid-importing)
EX_cpd00053_e	L-Glutamine_exchange
rxn05151_c	ATP_phosphohydrolase_(polar-amino-acid-importing)
rxn34357_c	Na+/aspartate_symport
EX_cpd00041_e	L-Aspartate_exchange
rxn14152_c	4-methyl-2-oxopentanoate_oxidoreductase
rxn00804_c	Leucine_aminotransferase
R01174_1_c	Phosphate_butyryltransferase
ID001_c	Isovalerate_diffusion
EX_cpd05178_e	Isovalerate_exchange
R01214_c	L-valine_aminotransferase
rxn10618_c	2-oxoisovalerate_ferredoxin_reductase
R01174_2_c	Phosphate_butyryltransferase
ID002_c	Isobutyrate_diffusion
EX_cpd01711_e	Isobutyrate_exchange
rxn01575_c	L-isoleucine_aminotransferase
R01174_3_c	Phosphate_butyryltransferase
ID003_c	2-Methylbutyrate_diffusion
EX_cpd19585_e	2-Methylbutyrate_exchange
rxn10563_c	Indolepyruvate_ferredoxin_oxidoreductase_(hydroxyphenylpyvurate)
R01174_4_c	Phosphate_butyryltransferase
ID004_c	4-Hydroxyphenylacetate_diffusion
EX_cpd00489_e	4-Hydroxyphenylacetate_exchange
rxn05061_c	4-hydroxyphenylacetate_carboxy-lyase
ID005_c	p-Cresol_diffusion
EX_cpd01042_e	p-Cresol_exchange
rxn21134_c	L-phenylalanine_aminotransferase
rxn10562_c	indolepyruvate_ferredoxin_oxidoreductase
R01174_5_c	Phosphate_butyryltransferase
rxn11336_c	Phenylacetate_diffusion
EX_cpd00430_e	Phenylacetate_exchange
rxn20606_c	D-proline_reductase
rxn12566_c	5-Aminopentanoate_transport_via_proton_symport
EX_cpd00339_e	5-Aminopentanoate_exchange
rxn11676_c	Glycine_reductase
rxn13022_c	3-isopropylmalate_dehydrogenase
K20025_c	(R)-2-hydroxyisocaproyl-CoA_dehydratase
R11076_c	(R)-2-hydroxyisocaproyl-CoA_dehydratase
ID006_c	Isocaproate_diffusion
EX_C21399_e	Isocaproate_exchange
R06782_c	3-phenylpropanoate_dioxygenase
rxn01610_c	phenylpropanoate:NAD+_delta2-oxidoreductase
ID007_c	Phenylpropanoate_diffusion
EX_cpd03343_e	Phenylpropanoate_exchange
rxn07124_c	p-Hydroxyphenylacetate_decarboxylase
ID008_c	2,3-Dihydroxyphenylpropanoate_diffusion
EX_cpd03170_e	4-Hydroxymandelate_exchange
EX_cpd00036_e	Succinate_exchange
EX_cpd00211_e	Butyrate_exchange
rxn09271_c	Succinate_transport
rxn25164_c	Succinyl-CoA_synthase
rxn16140_c	Succinate_semialdehyde_dehydrogenase
rxn02167_c	4-hydroxybutyryl-CoA_dehydratase
rxn16586_c	Butyryl-CoA_dehydrgenase
rxn13713_c	4-hydroxybutyrate_CoA-transferase
rxn00871_c	Phosphate_butyrltransferase
ID009_c	Butyrate_transport
EX_cpd00029_e	Acetate_exchange
rxn08061_c	Acetate_transport_via_proton_symport
rxn30338_c	Acetyl-CoA_synthetase
EX_cpd00159_e	L-Lactate_exchange
EX_cpd00221_e	D-Lactate_exchange
rxn05602_c	L-lactate_transport_via_proton_symport
rxn10171_c	D-lactate_transport_via_proton_symport
rxn00602_c	Methylmalonyl-CoA_isomerase
rxn00669_c	Propanoate-CoA_ligase
rxn09172_c	Propionate_diffusion
EX_cpd00141_e	Propionate_exchange
rxn03141_c	UDP-N-acetylmuramoyl-tripeptide---D-alanyl-D-alanine_ligase
dna_rxn	DNA_replication
rna_rxn	RNA_transcription
teichoicacid_rxn	Teichoic_acid_biosynthesis
peptidoglycan_rxn	Peptidoglycan_synthesis
cellwall_rxn	Cell_wall_biosynthesis
lipid_rxn	Lipid_composition
cofactor_rxn	Cofactor_Pool
biomass	Biomass_Reaction
SK_cpd11416_c	Biomass_sink
rxn08686_c	H2O_transport_via_diffusion
rxn09031_c	Oxygen_transport_via_diffusion
rxn05467_c	CO2_transport_via_diffusion
rxn08186_c	Calcium_transport_via_diffusion
rxn08952_c	Manganese_transport_via_diffusion
rxn10161_c	Octadecanoate_transport_via_proton_symport_
rxn05175_c	Spermidine_transport_via_ABC_system
rxn08304_c	M-diaminopimelic_acid_ABC_transport
EX_cpd00013_e	Ammonia_exchange
rxn05466_c	Ammonia_diffusion
EX_cpd00242_e	Carbonate_exchange
rxn10826_c	Carbonate_diffusion
rxn30210_c	FAD_synthetase
EX_cpd00133_e	Nicotinamide_exchange
rxn11334_c	Nicotinamide_symporter
EX_cpd00443_e	Nicotinamide_exchange
rxn10421_c	p-Aminobenzoic_acid_symporter
rxn01182_c	4-Coumarate:CoA_ligase_(AMP-forming)
rxn02269_c	(S)-3-methyl-2-oxopentanoate:NAD+_2-oxidoreductase_(CoA-methylbutanoylating)
rxn09142_c	Phospholipase_A1_(phosphatidylglycerol,_n-C18:0)_(periplasm)
rxn00530_c	L-tyrosine_ammonia-lyase_(trans-p-hydroxycinnamate-forming)
rxn09145_c	Phospholipase_A2_(phosphatidate,_n-C14:0)_(periplasm)
rxn13139_c	Nucleoside_triphosphatase
rxn03167_c	2-Amino-4-hydroxy-6-(erythro-1,2,3-trihydroxypropyl)_dihydropteridine_triphosphate_phosphohydrolase_(alkaline_optimum)
rxn00341_c	N-Carbamoyl-L-aspartate_amidohydrolase
rxn00620_c	CDPglycerol_phosphoglycerohydrolase
rxn01105_c	GTP:3-phospho-D-glycerate_1-phosphotransferase
rxn02476_c	Phosphoenolpyruvate:3-phosphoshikimate_5-O-(1-carboxyvinyl)-transferase
rxn00777_c	D-ribose-5-phosphate_aldose-ketose-isomerase
rxn01014_c	hydroxypyruvate_carboxy-lyase_(glycolaldehyde-forming)
rxn01359_c	(S)-dihydroorotate:NADP+_oxidoreductase
rxn00970_c	Hydroxybenzoate_synthase
rxn05227_c	Aspartate_oxidase
rxn05293_c	2C-methyl-D-erythritol_2,4_cyclodiphosphate_dehydratase
rxn12676_c	Enoyl-CoA_hydratase/aldolase
rxn09341_c	UDP-N-acetyl-D-glucosamine_pyrophosphohydrolase_(periplasm)
rxn13914_c	UDP-N-acetylmuramoyl-L-alanyl-D-glutamyl-meso-2,6-diaminoheptanedioate:D-alanyl-D-alanine_ligase(ADP-forming)
rxn09147_c	Phospholipase_A2_(phosphatidate,_n-C16:0)_(periplasm)
rxn10030_c	b-ketoacyl_synthetase_(n-C18:1)
rxn13012_c	Inositol-pentakisphosphate_2-kinase
rxn12239_c	4-hydroxy-benzyl-alcohol_dehydrogenase
rxn09119_c	Phytase_(periplasm)
rxn02928_c	2,3,4,5-Tetrahydrodipicolinate:NAD+_oxidoreductase
rxn01953_c	N-acetyl-D-mannosamine_N-acetylmannosaminohydrolase
rxn00605_c	UDP-glucose:D-glucose-6-phosphate_1-alpha-D-glucosyltransferase
rxn02011_c	UDP-N-acetylmuramoyl-L-alanyl-D-glutamate:(L)-meso-2,6-diaminoheptanedioate_gamma-ligase_(ADP-forming)
rxn00579_c	UDP-glucose:D-fructose_2-alpha-D-glucosyltransferase
rxn01644_c	L-Aspartate-4-semialdehyde_hydro-lyase_(adding_pyruvate_and_cyclizing)
rxn10663_c	Fatty_acid_oxidation_(n-C16:1)
rxn07466_c	D-Ala-D-Ala_dipeptidase
rxn09429_c	fatty_acid_synthase_(n-C18:0)
rxn09126_c	Phospholipase_A1_(phosphatidate,_n-C16:0)_(periplasm)
rxn01520_c	5,10-Methylenetetrahydrofolate:dUMP_C-methyltransferase
rxn13140_c	Nucleoside_triphosphatase
rxn05039_c	5-amino-6-(5-phosphoribitylamino)uracil_phosphatase
rxn09065_c	Phosphatidate_phosphatase_(periplasmic,_n-C16:0)
rxn10484_c	diaminopimelate_dehydrogenase
rxn03164_c	UDP-N-acetylmuramoyl-L-alanyl-D-glutamyl-meso-2,6-diaminoheptanedioate:D-alanyl-D-alanine_ligase(ADP-forming)
rxn10840_c	L-arginine_transport_via_diffusion_(extracellular_to_periplasm)
rxn05291_c	b-ketoacyl_synthetase_(palmitate,_n-C16:0)
rxn03852_c	UDP-N-acetyl-D-mannosamine:N-acetyl-beta-D-glucosaminyldiphosphoundecaprenol_beta-1,4-N-acetylmannosaminyltransferase
rxn10036_c	b-ketoacyl_synthetase_(n-C16:1)
rxn01256_c	Chorismate_pyruvatemutase
rxn00553_c	UDP-glucose:D-fructose-6-phosphate_2-alpha-D-glucosyltransferase
rxn08131_c	4-amino-2-methyl-5-phosphomethylpyrimidine_synthetase
rxn09063_c	Phosphatidate_phosphatase_(periplasmic,_n-C14:0)
rxn09124_c	Phospholipase_A1_(phosphatidate,_n-C14:0)_(periplasm)
rxn00958_c	4-Hydroxybenzaldehyde:NADP+_oxidoreductase
rxn00010_c	glyoxylate_carboxy-lyase_(dimerizing;_tartronate-semialdehyde-forming)
rxn10053_c	phosphoribosylaminoimidazole_carboxylase_(ATP-dependent)
rxn09348_c	UDPgalactose_pyrophosphohydrolase
rxn01669_c	Nicotinamide-D-ribonucleotide_amidohydrolase
rxn05744_c	b-ketoacyl_synthetase_(n-C14:0)
rxn02286_c	UDP-N-acetylmuramate:L-alanine_ligase_(ADP-forming)
rxn08040_c	UDP-N-acetyl-D-glucosamine:undecaprenyl-phosphate_N-acetyl-D-glucosamine_phosphotransferase
rxn01538_c	ATP:thiamine_phosphotransferase
rxn09163_c	Phospholipase_A2_(phosphatidylglycerol,_n-C18:0)_(periplasm)
rxn13251_c	Fumarate_dependent_DHORD
rxn05957_c	O4-succinyl-L-homoserine:hydrogen_sulfide_S-(3-amino-3-carboxypropyl)transferase
rxn00285_c	Succinate:CoA_ligase_(ADP-forming)
rxn03665_c	2-Hydroxy-6-oxo-7-methylocta-2,4-dienoate_acylhydrolase
rxn01895_c	2-Hydroxy-6-oxonona-2,4-diene-1,9-dioate_succinylhydrolase
R11462_c	4-methylpentanoyl-CoA:(R)-2-hydroxy-4-methylpentanoate_CoA-transferase_[EC:2.8.3.24]
EX_cpd00210_e	Taurine_exchange
rxn01539_c	thiamin_monophosphate_phosphohydrolase
rxn00629_c	D-Mannitol:NAD+_2-oxidoreductase
rxn00634_c	_D-Glucitol:NAD+_2-oxidoreductase
rxn06300_c	L-Alanine:tRNA(Ala)_ligase_(AMP-forming)
rxn06432_c	L-Arginine:tRNA(Arg)_ligase_(AMP-forming)
rxn06434_c	L-Asparagine:tRNA(Asn)_ligase_(AMP-forming)
rxn06936_c	L-Aspartate:tRNA(Asp)_ligase_(AMP-forming)
rxn06435_c	L-Cysteine:tRNA(Cys)_ligase_(AMP-forming)
rxn06437_c	L-Glutamine:tRNA(Gln)_ligase_(AMP-forming)
rxn06436_c	L-Glutamate:tRNA(Gln)_ligase_(AMP-forming)
rxn06438_c	glycine:tRNA(Gly)_ligase_(AMP-forming)
rxn06439_c	L-Histidine:tRNA(His)_ligase_(AMP-forming)
rxn06440_c	L-Isoleucine:tRNA(Ile)_ligase_(AMP-forming)
rxn06441_c	L-Leucine:tRNA(Leu)_ligase_(AMP-forming)
rxn06442_c	L-Lysine:tRNALys_ligase_(AMP-forming)
rxn06443_c	L-Methionine:tRNAMet_ligase_(AMP-forming)
rxn06444_c	L-Phenylalanine:tRNA(Ala)_ligase_(AMP-forming)
rxn06445_c	L-proline:tRNA(Pro)_ligase_(AMP-forming)
rxn06446_c	L-Serine:tRNA(Ser)_ligase_(AMP-forming)
rxn06447_c	L-Threonine:tRNA(Thr)_ligase_(AMP-forming)
rxn06448_c	L-Tryptophan_-tRNA(Trp)_ligase_(AMP-forming)
rxn06280_c	L-Tyrosine:tRNA(Tyr)_ligase_(AMP-forming)
rxn06449_c	L-Valine:tRNAVal_ligase_(AMP-forming)
protein_rxn	Protein_biosynthesis
rxn12634_c	methionyl_aminopeptidase
rxn05534_c	Dipeptide_transport_via_ABC_system_(gly-glu)
EX_cpd11592_e	gly-glu-L_exchange
rxn12636_c	methionyl_aminopeptidase
rxn05536_c	Dipeptide_transport_via_ABC_system_(met-ala)
EX_cpd11590_e	met-L-ala-L_exchange
rxn12638_c	methionyl_aminopeptidase
rxn05538_c	Dipeptide_transport_via_ABC_system_(gly-pro-L)
EX_cpd11588_e	gly-pro-L_exchange
rxn12640_c	methionyl_aminopeptidase
rxn05541_c	Dipeptide_transport_via_ABC_system_(ala-glu)
EX_cpd11586_e	ala-L-glu-L_exchange
rxn12644_c	methionyl_aminopeptidase
rxn05545_c	Dipeptide_transport_via_ABC_system_(ala-thr)
EX_cpd11582_e	ala-L-Thr-L_exchange
rxn12645_c	methionyl_aminopeptidase
rxn05546_c	Dipeptide_transport_via_ABC_system_(gly-asn)
EX_cpd11581_e	gly-asn-L_exchange
rxn08133_c	aminopeptidase_(pro-gly)
rxn09189_c	L-Prolinylglycine_(Pro-Gly)_transport_via_ABC_system
EX_cpd15551_e	L-Prolinylglycine_exchange
rxn12844_c	Gly-Cys_aminopeptidase
rxn12848_c	Gly-Cys_ABC_transporters
EX_cpd15603_e	Gly-Cys_exchange
rxn12845_c	Gly-Leu_aminopeptidase
rxn12849_c	Gly-Leu_ABC_transporters
EX_cpd15604_e	Gly-Leu_exchange
rxn12846_c	Gly-Phe_aminopeptidase
rxn12850_c	Gly-Phe_ABC_transporters
EX_cpd15605_e	Gly-Phe_exchange
rxn12851_c	Gly-Try_ABC_transporters
rxn12847_c	Gly-Try_aminopeptidase
EX_cpd15606_e	Gly-Tyr_exchange
EX_cpd29695_e	L-ala-L-asp_exchange
rxn30259_c	Dipeptide_transport_via_ABC_system_(ala-asp)
rxn30237_c	aminopeptidase_(ala-asp)
EX_cpd29694_e	L-ala-gly_exchange
rxn30262_c	Dipeptide_transport_via_ABC_system_(ala-gly)
EX_cpd29697_e	L-ala-L-his_exchange
rxn30264_c	Dipeptide_transport_via_ABC_system
rxn30239_c	Aminopeptidase
EX_cpd29698_e	L-ala-L-leu_exchange
rxn30266_c	Dipeptide_transport_via_ABC_system
rxn30240_c	Aminopeptidase
EX_cpd29696_e	L-ala-L-gln_exchange
rxn30268_c	Dipeptide_transport_via_ABC_system
rxn30241_c	Aminopeptidase
EX_cpd29699_e	L-ala-L-thr_exchange
rxn30270_c	Dipeptide_transport_via_ABC_system
rxn30242_c	Aminopeptidase
EX_cpd29693_e	gly-L-met_exchange
rxn30274_c	Dipeptide_transport_via_ABC_system
rxn30244_c	Aminopeptidase
EX_cpd29690_e	gly-L-asn_exchange
rxn30276_c	Dipeptide_transport_via_ABC_system
rxn30245_c	Aminopeptidase
EX_cpd29691_e	gly-L-gln_exchange
rxn30278_c	Dipeptide_transport_via_ABC_system
rxn30246_c	Aminopeptidase
EX_cpd29700_e	L-met-L-ala_exchange
rxn30280_c	Dipeptide_transport_via_ABC_system
rxn30247_c	Aminopeptidase
rxn05647_c	salicin_transport_via_PEP:Pyr_PTS
rxn05560_c	D-fructose_transport_via_PEP:Pyr_PTS
rxn10175_c	Fructose_transport_via_PEP:Pyr_PTS_(f6p_generating)_(periplasm)
rxn05617_c	mannitol_transport_via_PEP:Pyr_PTS
rxn05607_c	maltose_transport_via_PEP:Pyr_PTS
rxn05567_c	Galactitol_transport_via_PEP:Pyr_PTS
rxn10184_c	D-sorbitol_transport_via_PEP:Pyr_PTS_(periplasm)
rxn05610_c	D-mannose_transport_via_PEP:Pyr_PTS
rxn05226_c	D-glucose_transport_via_PEP:Pyr_PTS
rxn05518_c	cellobiose_transport_via_PEP:Pyr_PTS
rxn05178_c	D-Aspartate-ABC_transport
rxn00348_c	aspartate_racemase
EX_cpd00320_e	D-Aspartate_exchange
rxn05681_c	2-dehydro-3-deoxy-D-gluconate_transport_via_proton_symport,_reversible
EX_cpd02711_e	2-keto-3-deoxygluconate_exchange
rxn00008_c	Mn(II):hydrogen-peroxide_oxidoreductase
rxn34423_c	ferrous_iron_uptake_(GTP-dependent),_plasma_membrane
rxn12188_c	2-deoxyglucose-6-phosphatase
rxn00504_c	(S)-1-pyrroline-5-carboxylate:NADP+_oxidoreductase
rxn09658_c	Sucrose_transport_via_proton_symport
rxn00367_c	CTP_diphosphohydrolase_(diphosphate-forming)
rxn13150_c	5-formyltetrahydrofolate_cyclo-ligase
rxn10183_c	N-acetyl-D-mannosamine_transport_via_PTS
rxn09655_c	Trehalose_transport_via_proton_symport
rxn30238_c	Aminopeptidase_(ala-gly)
rxn12212_c	FAD_oxidation_(electron_transport_complex)
rxn10042_c	ATP_synthase
rxn05147_c	D-Glucose-ABC_transport
rxn00816_c	Beta-galactosidase
rxn00808_c	ATP:D-galactose_1-phosphotransferase
EX_cpd01553_e	Tagatose_exchange
rxn05472_c	2-(hydroxymethyl)phenol_transport_in/out_via_proton_symport
R01103_c	Melezitose_galactohydrolase
EX_cpd00589_e	D-Tagatose_exchange
rxn02094_c	ATP:D-tagatose_6-phosphotransferase
EX_cpd27607_e	N-Acetyl-D-Galactosamine_exchange
rxn46837_c	ATP:N-acetyl-D-galactosamine_1-phosphotransferase
rxn17713_c	UTP-monosaccharide-1-phosphate_uridylyltransferase
rxn18658_c	Dipeptide_transport_via_ABC_system
EX_cpd00731_e	Ala-ala_exchange
rxn05554_c	Fructose-6-phosphate_transport_via_phosphate_antiport
rxn05562_c	Glucose-1-phosphate_transport_via_phosphate_antiport
rxn05563_c	Glucose-6-phosphate_transport_via_phosphate_antiport
EX_cpd00072_e	D-fructose-6-phosphate_exchange
EX_cpd00089_e	Glucose-1-phosphate_exchange
EX_cpd00079_e	D-glucose-6-phosphate_exchange
rxn05162_c	D-galactose_transport_via_ABC_system
EX_cpd00108_e	Galactose_exchange
rxn12549_c	4-Hydroxybenzoate_transport_via_proton_symport
EX_cpd00136_e	4-Hydroxybenzoate_exchange
rxn12585_c	2-hydroxybutyrate_cotransport_with_proton
EX_cpd03561_e	2-Hydroxybutyrate_exchange
rxn05561_c	Transport_of_dicarboxylates,_extracellular
EX_cpd00106_e	Fumarate_exchange
rxn10960_c	acetoacetate_transport_via_diffusion_(extracellular_to_periplasm)
EX_cpd00142_e	Acetoacetate_exchange
rxn10827_c	Shikimate_transport_in_via_proton_symport
EX_cpd00383_e	Shikimate_exchange
rxn05559_c	formate_transport_in_via_proton_symport
EX_cpd00047_e	Formate_exchange
rxn05470_c	glycolate_transport_via_proton_symport,_reversible
EX_cpd00139_e	Glycolate_exchange
rxn05564_c	Proline-specific_permease
EX_cpd00281_e	GABA_exchange
rxn05703_c	Hydroxylamine_transport_in_via_proton_symport
EX_cpd00165_e	Hydroxylamine_exchange
rxn09687_c	TRANS-RXN-108E.cp
EX_cpd03279_e	Deoxyinosine_exchange
rxn05316_c	TRANS-RXNBWI-115572.ce.maizeexp.INOSINE_INOSINE
EX_cpd00246_e	Inosine_exchange
rxn05204_c	TRANS-RXNBWI-115572.ce.maizeexp.GUANOSINE_GUANOSINE
EX_cpd00311_e	Guanosine_exchange
rxn05198_c	Transport_of_cytidine,_extracellular
EX_cpd00367_e	Cytidine_exchange
rxn09688_c	deoxyguanosine_transport_in_via_proton_symport_(periplasm)
EX_cpd00277_e	Deoxyguanosine_exchange
rxn05318_c	TRANS-RXN-203.ce
EX_cpd00182_e	Adenosine_exchange
rxn05205_c	Transport_of_deoxycytidine,_extracellular
EX_cpd00654_e	Deoxycytidine_exchange
rxn09685_c	Deoxyuridine_symport
EX_cpd00412_e	Deoxyuridine_exchange
rxn05317_c	Transport_of_deoxyadenosine,_extracellular
EX_cpd00438_e	Deoxyadenosine_exchange
rxn05674_c	L-Citrulline_transport_in_via_proton_symport
EX_cpd00274_e	Citrulline_exchange
rxn05672_c	D-glutamate_transport_in_via_proton_symport
EX_cpd00186_e	D-Glutamate_exchange
EX_cpd00424_e	Cystathionine_exchange
rxn10398_c	cystathione_diffusion
EX_cpd00504_e	LL-2,6-Diaminopimelate_exchange
ID011_c	ATP_phosphohydrolase_(polar-amino-acid-importing)
rxn05203_c	Guanine_symport
EX_cpd00207_e	Guanine_exchange
rxn00131_c	AMP_phosphoribohydrolase
rxn05542_c	oligopeptide-transporting_ATPase
EX_cpd11585_e	Ala-Gly_exchange
rxn12641_c	Ala-Gly_aminopeptidase
rxn05547_c	oligopeptide-transporting_ATPase
EX_cpd11580_e	Gly-Gln_exchange
rxn12646_c	Gly-Gln_aminopeptidase
rxn05540_c	oligopeptide-transporting_ATPase
EX_cpd11587_e	Ala-Gln_exchange
rxn12639_c	Ala-Gln_aminopeptidase
rxn05537_c	oligopeptide-transporting_ATPase
EX_cpd11589_e	Gly-Asp_exchange
rxn12637_c	Gly-Asp_aminopeptidase
rxn05543_c	oligopeptide-transporting_ATPase
EX_cpd11584_e	Ala-His_exchange
rxn12642_c	Ala-His_aminopeptidase
rxn05539_c	oligopeptide-transporting_ATPase
EX_cpd01017_e	Cys-Gly_exchange
rxn00650_c	Cys-Gly_aminopeptidase
rxn00350_c	glutathione_gamma-glutamylaminopeptidase
rxn05535_c	oligopeptide-transporting_ATPase
EX_cpd11591_e	Gly-Met_exchange
rxn12635_c	Gly-Met_aminopeptidase
rxn05544_c	oligopeptide-transporting_ATPase
EX_cpd11583_e	Ala-Leu_exchange
rxn12643_c	Ala-Leu_aminopeptidase
rxn05533_c	oligopeptide-transporting_ATPase
EX_cpd11593_e	Ala-Asp_exchange
rxn12633_c	Ala-Asp_aminopeptidase
rxn30075_c	Glutamate_dehydrogenase_(NAD)
rxn00916_c	Xanthosine-phosphate:ammonia_ligase_(AMP-forming)
rxn00116_c	UDP_phosphohydrolase
rxn01347_c	UTP:Sedoheptulose_7-phosphate_1-phosphotransferase
rxn01952_c	N-Acetylmannosamine_phosphotransferase
