metabolite	name	group	iCdG698_sim	Cd630_biolog	iCdR703_sim	CdR20291_biolog
cpd00009	Phosphate	Other	1.0	1.04	1.0	1.63
cpd00023	L-Glutamic_acid	Amino_acid	1.0	1.171	1.246	1.51
cpd00027	D-Glucose	Carbohydrate	3.504	1.242	1.963	1.252
cpd00029	Acetic_acid	Carboxylic_acid	1.105	1.033	1.0	1.197
cpd00033	Glycine	Amino_acid	1.068	0.956	1.002	1.19
cpd00035	L-Alanine	Amino_acid	1.072	1.384	1.466	1.639
cpd00036	Succinic_acid	Carboxylic_acid	2.617	1.033	1.529	1.01
cpd00039	L-Lysine	Amino_acid	1.037	1.351	1.012	1.521
cpd00041	L-Aspartic_acid	Carboxylic_acid	1.714	1.234	1.232	1.11
cpd00047	Formic_acid	Carboxylic_acid	1.473	1.02	1.061	1.317
cpd00051	L-Arginine	Amino_acid	1.0	1.155	1.004	1.156
cpd00053	L-Glutamine	Amino_acid	1.0	1.011	1.002	0.978
cpd00054	L-Serine	Amino_acid	1.39	1.486	1.335	1.529
cpd00060	L-Methionine	Amino_acid	1.0	1.542	1.0	1.886
cpd00064	L-Ornithine	Amino_acid	1.029	1.343	1.386	1.232
cpd00065	L-Tryptophan	Amino_acid	1.0	1.52	1.0	1.23
cpd00066	L-Phenylalanine	Amino_acid	1.01	1.371	1.008	1.289
cpd00069	L-Tyrosine	Amino_acid	1.698	1.793	1.009	0.982
cpd00072	D-Fructose-6-Phosphate	Carbohydrate	3.971	1.359	2.086	1.817
cpd00076	Sucrose	Carbohydrate	4.811	1.453	2.704	1.644
cpd00079	D-Glucose-6-Phosphate	Carbohydrate	3.971	1.065	2.086	1.567
cpd00080	D,L-a-Glycerol_Phosphate	Carbohydrate	1.017	1.037	1.273	1.111
cpd00082	D-Fructose	Carbohydrate	3.504	2.057	1.963	2.096
cpd00084	L-Cysteine	Amino_acid	1.0	1.265	1.0	1.462
cpd00089	D-Glucose-1-Phosphate	Carbohydrate	3.971	1.139	2.078	1.952
cpd00092	Uracil	Nucleotide	1.076	1.68	1.0	1.329
cpd00105	D-Ribose	Carbohydrate	2.218	1.429	1.469	1.139
cpd00106	Fumaric_acid	Carboxylic_acid	1.257	0.939	1.081	1.154
cpd00107	L-Leucine	Amino_acid	1.0	1.478	1.0	1.664
cpd00108	D-Galactose	Carbohydrate	2.459	1.012	1.573	1.0
cpd00117	D-Alanine	Amino_acid	1.072	1.447	1.466	1.311
cpd00119	L-Histidine	Amino_acid	1.001	1.08	1.003	1.19
cpd00122	N-Acetyl-D-Glucosamine	Carbohydrate	2.233	2.016	1.609	1.938
cpd00129	L-Proline	Amino_acid	1.0	1.211	1.0	1.071
cpd00132	L-Asparagine	Amino_acid	1.212	1.367	1.003	1.057
cpd00136	4-Hydroxybenzoic_acid	Carboxylic_acid	1.995	1.251	1.109	1.422
cpd00138	D-Mannose	Carbohydrate	3.504	2.045	1.963	2.106
cpd00139	Glycolic_acid	Carboxylic_acid	1.541	1.224	1.341	1.423
cpd00141	Propionic_acid	Carboxylic_acid	1.0	1.188	1.0	1.327
cpd00142	Acetoacetic_acid	Carboxylic_acid	1.251	0.976	1.002	1.284
cpd00154	D-Xylose	Carbohydrate	3.184	1.502	1.757	1.452
cpd00156	L-Valine	Amino_acid	1.0	1.263	1.0	1.431
cpd00158	D-Cellobiose	Carbohydrate	4.439	2.294	2.602	2.317
cpd00159	L-Lactic_acid	Carboxylic_acid	2.412	1.11	1.543	1.183
cpd00161	D-Threonine	Amino_acid	2.056	1.171	1.226	1.115
cpd00161	L-Threonine	Amino_acid	2.056	1.355	1.226	1.205
cpd00162	2-Aminoethanol	Alcohol	1.855	1.527	1.167	1.51
cpd00165	Hydroxylamine	Other	1.0	1.199	1.0	1.152
cpd00179	Maltose	Carbohydrate	4.439	2.241	2.602	1.918
cpd00182	Adenosine	Nucleotide	2.852	1.731	2.347	1.788
cpd00186	D-Glutamic_acid	Carbohydrate	1.0	1.311	1.246	1.227
cpd00207	Guanine	Nucleotide	1.0	1.617	1.0	1.014
cpd00208	D-Lactose	Carbohydrate	4.11	1.637	2.333	1.668
cpd00210	Taurine	Amino_acid	1.0	1.047	1.0	1.586
cpd00211	Butyric_acid	Carboxylic_acid	1.0	1.363	1.0	1.616
cpd00220	Riboflavin	Vitamin	1.0	1.299	1.0	1.367
cpd00226	Hypoxanthine	Nucleotide	1.029	1.254	1.102	1.199
cpd00232	N-Acetyl-Neuraminic_acid	Carbohydrate	4.073	1.9	2.144	1.611
cpd00246	Inosine	Nucleotide	4.07	1.551	2.493	1.76
cpd00274	L-Citrulline	Amino_acid	1.0	1.34	1.002	1.18
cpd00276	D-Glucosamine	Carbohydrate	3.41	1.705	1.908	2.114
cpd00277	Deoxyguanosine	Nucleotide	3.417	1.303	2.349	1.255
cpd00281	g-Amino_Butyric_acid	Carboxylic_acid	1.0	1.163	1.0	1.403
cpd00305	Thiamine	Vitamin	1.0	1.012	1.0	1.276
cpd00307	Cytosine	Nucleotide	1.007	1.463	1.0	1.329
cpd00309	Xanthine	Nucleotide	1.229	7.578	1.196	7.233
cpd00311	Guanosine	Nucleotide	4.075	1.531	2.449	1.226
cpd00314	D-Mannitol	Carbohydrate	2.838	1.996	1.823	2.245
cpd00320	D-Aspartic_acid	Carboxylic_acid	1.211	1.34	1.03	1.245
cpd00322	L-Isoleucine	Amino_acid	1.0	1.833	1.0	1.758
cpd00339	a-Amino-N-Valeric_acid	Carboxylic_acid	1.0	1.652	1.0	1.382
cpd00339	Amino_Valeric_acid	Carboxylic_acid	1.0	1.339	1.0	1.573
cpd00367	Cytidine	Nucleotide	4.081	1.41	2.461	1.329
cpd00383	Shikimic_acid	Carboxylic_acid	1.186	1.242	1.016	1.175
cpd00393	Folic_acid	Vitamin	1.0	1.164	1.0	1.196
cpd00395	L-Cysteic_acid	Amino_acid	1.0	1.316	1.0	1.366
cpd00412	Deoxyuridine	Nucleotide	3.595	1.52	2.354	1.462
cpd00424	Cystathionine	Amino_acid	1.001	1.146	1.001	3.073
cpd00438	Deoxyadenosine	Nucleotide	2.023	1.441	2.084	1.683
cpd00443	p-Amino-Benzoic_acid	Carboxylic_acid	1.0	1.111	1.0	1.245
cpd00489	m-Hydroxyphenyl_Acetic_acid	Carboxylic_acid	1.068	1.008	1.0	1.034
cpd00489	p-Hydroxyphenyl_Acetic_acid	Carboxylic_acid	1.068	0.914	1.0	1.019
cpd00492	N-Acetyl-D-Mannosamine	Carbohydrate	3.878	1.841	1.963	1.784
cpd00504	D,L-Diamino-a,e-Pimelic_acid	Carboxylic_acid	1.055	1.373	1.02	1.255
cpd00588	D-Sorbitol	Carbohydrate	2.838	1.857	1.823	1.269
cpd00637	D-Methionine	Amino_acid	1.0	1.19	1.0	1.297
cpd00644	D-Pantothenic_acid	Carboxylic_acid	1.0	1.451	1.0	1.301
cpd00654	Deoxycytidine	Nucleotide	2.258	1.439	1.747	1.381
cpd00731	D-Ala-D-Ala	Amino_acid	1.051	1.293	1.101	1.472
cpd00751	L-Fucose	Carbohydrate	1.0	1.012	1.0	0.981
cpd00794	D-Trehalose	Carbohydrate	4.858	2.098	3.005	1.928
cpd01030	Salicin	Carbohydrate	2.562	2.036	1.807	1.635
cpd03279	Deoxyinosine	Nucleotide	3.427	1.34	2.34	1.294
cpd03561	g-Hydroxybutyric_acid	Carboxylic_acid	2.563	1.825	1.518	1.682
cpd03561	Hydroxybutyric_acid	Carboxylic_acid	2.563	1.567	1.518	1.543
cpd05161	D-Melezitose	Carbohydrate	4.794	2.219	2.691	1.877
cpd11581	Gly-Asn	Amino_acid	1.196	1.293	1.006	1.032
cpd11582	Ala-Thr	Amino_acid	1.142	1.207	1.233	1.148
cpd11586	Ala-Glu	Amino_acid	1.03	0.922	1.058	1.095
cpd11588	Gly-Pro	Amino_acid	1.068	1.38	1.011	2.659
cpd11592	Gly-Glu	Amino_acid	1.0	1.348	1.031	1.028
cpd15603	Gly-Cys	Amino_acid	1.0	0.934	1.0	1.476
cpd15604	Gly-Leu	Amino_acid	1.0	1.218	1.0	1.603
cpd27607	N-Acetyl-D-Galactosamine	Carbohydrate	2.233	1.512	1.618	1.42
cpd29317	Hydroxy-L-Proline	Amino_acid	1.0	1.179	1.0	1.28
cpd29691	Gly-Gln	Amino_acid	1.008	1.137	1.007	1.007
cpd29693	Gly-Met	Amino_acid	1.001	1.242	1.0	1.208
cpd29694	Ala-Gly	Amino_acid	2.272	1.188	1.181	1.37
cpd29694	D-Ala-Gly	Amino_acid	2.272	1.336	1.181	1.508
cpd29695	Ala-Asp	Amino_acid	1.14	1.066	1.103	1.106
cpd29696	Ala-Gln	Amino_acid	1.035	0.898	1.025	0.986
cpd29697	Ala-His	Amino_acid	1.002	1.004	1.003	1.138
cpd29698	Ala-Leu	Amino_acid	1.03	1.418	1.002	1.216
cpd29698	D-Ala-Leu	Amino_acid	1.03	1.547	1.002	1.563
cpd29700	Met-Ala	Amino_acid	1.001	1.355	1.001	1.406
