Chemical	ModelSEED	CD630	CDR20291
Shikimic_acid	cpd00383	1.242	1.175
2-Aminoethanol	cpd00162	1.527	1.510
Deoxyadenosine	cpd00438	1.441	1.683
Deoxycytidine	cpd00654	1.439	1.381
Deoxyguanosine	cpd00277	1.303	1.255
Deoxyinosine	cpd03279	1.340	1.294
Deoxyuridine	cpd00412	1.520	1.462
4-Hydroxybenzoic_acid	cpd00136	1.251	1.422
a-Amino-N-Valeric_acid	cpd00339	1.652	1.382
D-Glucose	cpd00027	1.242	1.252
D-Lactose	cpd00208	1.637	1.668
Hydroxybutyric_acid	cpd03561	1.567	1.543
Acetic_acid	cpd00029	1.033	1.197
Acetoacetic_acid	cpd00142	0.976	1.284
Adenosine	cpd00182	1.731	1.788
Agmatine	cpd00152	1.816	1.424
Ala-Asp	cpd29695	1.066	1.106
Ala-Gln	cpd29696	0.898	0.986
Ala-Glu	cpd11586	0.922	1.095
Ala-Gly	cpd29694	1.188	1.370
Ala-His	cpd29697	1.004	1.138
Ala-Leu	cpd29698	1.418	1.216
Ala-Thr	cpd11582	1.207	1.148
Arbutin	cpd03697	2.116	1.630
b-Alanine	cpd00085	1.434	1.420
Butyric_acid	cpd00211	1.363	1.616
Choline	cpd00098	1.156	1.199
Citric_acid	cpd00137	0.963	0.966
Cystathionine	cpd00424	1.146	3.073
Cytidine	cpd00367	1.410	1.329
Cytosine	cpd00307	1.463	1.329
D-Ala-D-Ala	cpd00731	1.293	1.472
D-Ala-Gly	cpd29694	1.336	1.508
D-Ala-Leu	cpd29698	1.547	1.563
D-Alanine	cpd00117	1.447	1.311
Amino_Valeric_acid	cpd00339	1.339	1.573
D-Aspartic_acid	cpd00320	1.340	1.245
D-Cellobiose	cpd00158	2.294	2.317
D-Fructose	cpd00082	2.057	2.096
D-Fructose-6-Phosphate	cpd00072	1.359	1.817
D-Galactose	cpd00108	1.012	1.000
D-Glucosamine	cpd00276	1.705	2.114
D-Glucose-1-Phosphate	cpd00089	1.139	1.952
D-Glucose-6-Phosphate	cpd00079	1.065	1.567
D-Glutamic_acid	cpd00186	1.311	1.227
D-Mannitol	cpd00314	1.996	2.245
D-Mannose	cpd00138	2.045	2.106
D-Melezitose	cpd05161	2.219	1.877
D-Methionine	cpd00637	1.190	1.297
D-Pantothenic_acid	cpd00644	1.451	1.301
D-Ribose	cpd00105	1.429	1.139
D-Sorbitol	cpd00588	1.857	1.269
D-Threonine	cpd00161	1.171	1.115
D-Trehalose	cpd00794	2.098	1.928
D-Xylose	cpd00154	1.502	1.452
D,L-a-Glycerol_Phosphate	cpd00080	1.037	1.111
D,L-Diamino-a,e-Pimelic_acid	cpd00504	1.373	1.255
D,L-Malic_acid	cpd00130	0.816	0.976
Folic_acid	cpd00393	1.164	1.196
Formamide	cpd00378	1.336	1.293
Formic_acid	cpd00047	1.020	1.317
Fumaric_acid	cpd00106	0.939	1.154
g-Amino_Butyric_acid	cpd00281	1.163	1.403
g-Hydroxybutyric_acid	cpd03561	1.825	1.682
Glutathione	cpd00042	1.406	1.385
Gly-Asn	cpd11581	1.293	1.032
Gly-Cys	cpd15603	0.934	1.476
Gly-Gln	cpd29691	1.137	1.007
Gly-Glu	cpd11592	1.348	1.028
Gly-Leu	cpd15604	1.218	1.603
Gly-Met	cpd29693	1.242	1.208
Gly-Pro	cpd11588	1.380	2.659
Glycerol	cpd00100	0.955	1.019
Glycine	cpd00033	0.956	1.190
Glycogen	cpd00155	1.243	1.147
Glycolic_acid	cpd00139	1.224	1.423
Guanine	cpd00207	1.617	1.014
Guanosine	cpd00311	1.531	1.226
Hydroxy-L-Proline	cpd29317	1.179	1.280
Hydroxylamine	cpd00165	1.199	1.152
Hypoxanthine	cpd00226	1.254	1.199
Inosine	cpd00246	1.551	1.760
L-Alanine	cpd00035	1.384	1.639
L-Arabinose	cpd00224	0.959	0.962
L-Arginine	cpd00051	1.155	1.156
L-Asparagine	cpd00132	1.367	1.057
L-Aspartic_acid	cpd00041	1.234	1.110
L-Citrulline	cpd00274	1.340	1.180
L-Cysteic_acid	cpd00395	1.316	1.366
L-Cysteine	cpd00084	1.265	1.462
L-Fucose	cpd00751	1.012	0.981
L-Glutamic_acid	cpd00023	1.171	1.510
L-Glutamine	cpd00053	1.011	0.978
L-Histidine	cpd00119	1.080	1.190
L-Homoserine	cpd00227	1.473	1.187
L-Isoleucine	cpd00322	1.833	1.758
L-Lactic_acid	cpd00159	1.110	1.183
L-Leucine	cpd00107	1.478	1.664
L-Lysine	cpd00039	1.351	1.521
L-Malic_acid	cpd00130	1.249	1.683
L-Methionine	cpd00060	1.542	1.886
L-Ornithine	cpd00064	1.343	1.232
L-Phenylalanine	cpd00066	1.371	1.289
L-Proline	cpd00129	1.211	1.071
L-Serine	cpd00054	1.486	1.529
L-Threonine	cpd00161	1.355	1.205
L-Tryptophan	cpd00065	1.520	1.230
L-Tyrosine	cpd00069	1.793	0.982
L-Valine	cpd00156	1.263	1.431
m-Hydroxyphenyl_Acetic_acid	cpd00489	1.008	1.034
m-Inositol	cpd00121	1.443	1.406
Maltose	cpd00179	2.241	1.918
Met-Ala	cpd29700	1.355	1.406
N-Acetyl-D-Galactosamine	cpd27607	1.512	1.420
N-Acetyl-D-Glucosamine	cpd00122	2.016	1.938
N-Acetyl-D-Mannosamine	cpd00492	1.841	1.784
N-Acetyl-L-Glutamic_acid	cpd00477	1.084	1.133
N-Acetyl-Neuraminic_acid	cpd00232	1.900	1.611
Nitrite	cpd00075	0.879	1.007
O-Phospho-L-Serine	cpd00738	1.435	1.366
O-Phospho-L-Threonine	cpd08928	1.415	1.344
Orotic_acid	cpd00247	1.422	1.304
p-Amino-Benzoic_acid	cpd00443	1.111	1.245
p-Hydroxyphenyl_Acetic_acid	cpd00489	0.914	1.019
Phosphate	cpd00009	1.040	1.630
Phosphoryl_Choline	cpd00457	1.431	1.245
Propionic_acid	cpd00141	1.188	1.327
Putrescine	cpd00118	1.781	1.375
Pyridoxal	cpd00215	1.373	1.388
Pyruvic_acid	cpd00020	1.061	1.519
Riboflavin	cpd00220	1.299	1.367
Salicin	cpd01030	2.036	1.635
Succinic_acid	cpd00036	1.033	1.010
Sucrose	cpd00076	1.453	1.644
Taurine	cpd00210	1.047	1.586
Taurocholic_acid	cpd03047	1.087	1.502
Thiamine	cpd00305	1.012	1.276
Thiamine_Pyrophosphate	cpd00793	1.234	1.269
Thymidine	cpd00184	1.469	1.635
Thymine	cpd00151	1.365	1.322
Turanose	cpd20885	1.498	1.502
Tyramine	cpd00374	1.281	1.117
Uracil	cpd00092	1.680	1.329
Uric_acid	cpd00300	1.547	1.145
Uridine	cpd00249	1.641	1.875
Xanthine	cpd00309	7.578	7.233
Xanthosine	cpd01217	1.828	1.201
